customer_id,customer_name,email,registration_date,customer_type
C0001,Pooja Mehta,pooja.mehta812@gmail.com,2024-09-10,VIP
C0002,Rahul Shah,rahul.shah459@gmail.com,2026-01-29,REGULAR
C0003,Vivaan Kulkarni,vivaan.kulkarni773@gmail.com,2024-02-22,VIP
C0004,Rohan Sharma,rohan.sharma605@gmail.com,2026-01-08,REGULAR
C0005,Priya Shah,priya.shah726@gmail.com,2024-12-21,PREMIUM
C0006,Neha Verma,neha.verma80@gmail.com,2024-10-10,VIP
C0007,Rahul Deshmukh,rahul.deshmukh91@gmail.com,2025-04-24,REGULAR
C0008,Rahul Kulkarni,rahul.kulkarni843@gmail.com,2025-05-10,REGULAR
C0009,Arjun Joshi,arjun.joshi189@gmail.com,2024-11-06,PREMIUM
C0010,Karan Deshmukh,karan.deshmukh154@gmail.com,2024-08-27,PREMIUM
C0011,Aditi Patil,aditi.patil281@gmail.com,2023-12-22,REGULAR
C0012,Isha Deshmukh,isha.deshmukh217@gmail.com,2024-09-10,VIP
C0013,Aditi Sharma,aditi.sharma414@gmail.com,2024-02-18,VIP
C0014,Arjun Mehta,arjun.mehta643@gmail.com,2024-09-25,PREMIUM
C0015,Sneha Joshi,sneha.joshi854@gmail.com,2026-01-13,REGULAR
C0016,Aditi Singh,aditi.singh49@gmail.com,2025-03-05,PREMIUM
C0017,Rahul Verma,rahul.verma226@gmail.com,2025-03-17,REGULAR
C0018,Vivaan Gupta,vivaan.gupta132@gmail.com,2026-03-02,REGULAR
C0019,Ananya Singh,ananya.singh984@gmail.com,2025-04-05,VIP
C0020,Karan Verma,karan.verma113@gmail.com,2024-01-03,PREMIUM
C0021,Neha Kulkarni,neha.kulkarni913@gmail.com,2024-04-18,VIP
C0022,Isha Deshmukh,isha.deshmukh819@gmail.com,2026-06-07,VIP
C0023,Rohan Gupta,rohan.gupta756@gmail.com,2026-01-05,PREMIUM
C0024,Kavya Mehta,kavya.mehta67@gmail.com,2025-02-23,PREMIUM
C0025,Isha Shah,isha.shah978@gmail.com,2025-10-23,PREMIUM
C0026,Kavya Singh,kavya.singh795@gmail.com,2025-02-22,PREMIUM
C0027,Kavya Gupta,kavya.gupta379@gmail.com,2024-05-09,VIP
C0028,Arjun Shah,arjun.shah590@gmail.com,2024-06-19,PREMIUM
C0029,Aditi Kulkarni,aditi.kulkarni681@gmail.com,2025-05-08,REGULAR
C0030,Vivaan Shah,vivaan.shah66@gmail.com,2024-04-16,VIP
C0031,Neha Gupta,neha.gupta941@gmail.com,2025-07-18,VIP
C0032,Aditya Mehta,aditya.mehta676@gmail.com,2025-04-23,REGULAR
C0033,Isha Joshi,isha.joshi203@gmail.com,2024-08-01,REGULAR
C0034,Isha Patil,isha.patil906@gmail.com,2026-03-21,REGULAR
C0035,Aarav Mehta,aarav.mehta288@gmail.com,2025-07-14,VIP
C0036,Vivaan Mehta,vivaan.mehta864@gmail.com,2024-12-08,REGULAR
C0037,Neha Verma,neha.verma436@gmail.com,2025-02-11,REGULAR
C0038,Kavya Kulkarni,kavya.kulkarni851@gmail.com,2024-05-09,REGULAR
C0039,Priya Gupta,priya.gupta207@gmail.com,2025-06-12,REGULAR
C0040,Isha Singh,isha.singh15@gmail.com,2026-07-13,REGULAR
C0041,Sneha Verma,sneha.verma131@gmail.com,2026-02-19,VIP
C0042,Kavya Verma,kavya.verma52@gmail.com,2026-06-29,PREMIUM
C0043,Isha Shah,isha.shah942@gmail.com,2025-03-24,PREMIUM
C0044,Arjun Mehta,arjun.mehta377@gmail.com,2024-08-05,VIP
C0045,Isha Shah,isha.shah877@gmail.com,2026-04-02,VIP
C0046,Aarav Patil,aarav.patil436@gmail.com,2025-02-01,VIP
C0047,Vivaan Joshi,vivaan.joshi775@gmail.com,2025-08-25,PREMIUM
C0048,Aditya Singh,aditya.singh225@gmail.com,2026-06-17,REGULAR
C0049,Isha Shah,isha.shah211@gmail.com,2026-03-28,PREMIUM
C0050,Neha Kulkarni,neha.kulkarni709gmail.com,2026-02-16,VIP
C0051,Priya Shah,priya.shah888@gmail.com,2025-06-09,REGULAR
C0052,Vivaan Deshmukh,vivaan.deshmukh348@gmail.com,2023-12-14,REGULAR
C0053,Priya Gupta,priya.gupta998@gmail.com,2024-03-25,VIP
C0054,Vivaan Patil,vivaan.patil446@gmail.com,2024-08-27,VIP
C0055,Aditi Shah,aditi.shah403@gmail.com,2026-01-29,PREMIUM
C0056,Pooja Mehta,pooja.mehta562@gmail.com,2026-08-02,PREMIUM
C0057,Aditya Mehta,aditya.mehta859@gmail.com,2025-03-03,VIP
C0058,Aarav Verma,aarav.verma779@gmail.com,2025-05-30,VIP
C0059,Rohan Sharma,rohan.sharma88@gmail.com,2024-10-17,REGULAR
C0060,Arjun Singh,arjun.singh860@gmail.com,2023-12-27,REGULAR
C0061,Aarav Patil,aarav.patil694@gmail.com,2024-07-07,REGULAR
C0062,Pooja Mehta,pooja.mehta979@gmail.com,2025-07-17,REGULAR
C0063,Aditi Patil,aditi.patil985@gmail.com,2024-07-25,PREMIUM
C0064,Aarav Gupta,aarav.gupta88@gmail.com,2025-11-13,REGULAR
C0065,Arjun Gupta,arjun.gupta982@gmail.com,2024-09-04,REGULAR
C0066,Pooja Verma,pooja.verma119@gmail.com,2024-06-27,PREMIUM
C0067,Aditi Mehta,aditi.mehta537@gmail.com,2025-02-22,VIP
C0068,Pooja Deshmukh,pooja.deshmukh1@gmail.com,2025-10-05,PREMIUM
C0069,Rohan Kulkarni,rohan.kulkarni681@gmail.com,2026-05-15,PREMIUM
C0070,Vivaan Deshmukh,vivaan.deshmukh620@gmail.com,2025-02-03,VIP
C0071,Pooja Kulkarni,pooja.kulkarni812@gmail.com,2026-04-16,REGULAR
C0072,Aditya Mehta,aditya.mehta192@gmail.com,2024-11-05,PREMIUM
C0073,Aditi Deshmukh,aditi.deshmukh651@gmail.com,2025-12-21,VIP
C0074,Pooja Joshi,pooja.joshi190@gmail.com,2025-05-09,VIP
C0075,Ananya Sharma,ananya.sharma52@gmail.com,2024-04-12,REGULAR
C0076,Kavya Shah,kavya.shah234@gmail.com,2024-09-09,VIP
C0077,Rohan Patil,rohan.patil444@gmail.com,2025-08-21,REGULAR
C0078,Pooja Joshi,pooja.joshi317@gmail.com,2026-07-15,VIP
C0079,Aarav Mehta,aarav.mehta271@gmail.com,2024-11-01,PREMIUM
C0080,Isha Deshmukh,isha.deshmukh418@gmail.com,2023-11-18,PREMIUM
C0081,Priya Gupta,priya.gupta63@gmail.com,2025-05-14,REGULAR
C0082,Rahul Singh,rahul.singh26@gmail.com,2025-10-05,PREMIUM
C0083,Isha Deshmukh,isha.deshmukh662@gmail.com,2024-12-31,VIP
C0084,Aditi Verma,aditi.verma973@gmail.com,2025-09-02,PREMIUM
C0085,Isha Gupta,isha.gupta803@gmail.com,2026-03-09,REGULAR
C0086,Arjun Kulkarni,arjun.kulkarni225@gmail.com,2026-02-23,VIP
C0087,Priya Singh,priya.singh685@gmail.com,2025-08-01,VIP
C0088,Aditi Kulkarni,aditi.kulkarni895@gmail.com,2024-02-29,REGULAR
C0089,Pooja Sharma,pooja.sharma655@gmail.com,2024-02-03,REGULAR
C0090,Vivaan Joshi,vivaan.joshi459@gmail.com,2023-12-08,VIP
C0091,Rohan Shah,rohan.shah489@gmail.com,2026-05-04,VIP
C0092,Aarav Joshi,aarav.joshi403@gmail.com,2025-04-30,REGULAR
C0093,Kavya Patil,kavya.patil531@gmail.com,2025-02-19,VIP
C0094,Aditi Mehta,aditi.mehta326@gmail.com,2025-02-20,VIP
C0095,Aarav Verma,aarav.verma552@gmail.com,2026-06-17,REGULAR
C0096,Ananya Deshmukh,ananya.deshmukh454@gmail.com,2025-06-04,PREMIUM
C0097,Rohan Verma,rohan.verma576@gmail.com,2025-09-23,PREMIUM
C0098,Isha Shah,isha.shah430@gmail.com,2026-01-02,REGULAR
C0099,Neha Deshmukh,neha.deshmukh316@gmail.com,2026-03-01,REGULAR
C0100,Rohan Sharma,rohan.sharma464gmail.com,2024-03-19,VIP
C0101,Vivaan Deshmukh,vivaan.deshmukh204@gmail.com,2024-01-29,VIP
C0102,Vivaan Mehta,vivaan.mehta892@gmail.com,2026-03-14,PREMIUM
C0103,Kavya Deshmukh,kavya.deshmukh319@gmail.com,2026-01-02,REGULAR
C0104,Priya Verma,priya.verma437@gmail.com,2025-11-14,VIP
C0105,Pooja Joshi,pooja.joshi896@gmail.com,2024-03-13,PREMIUM
C0106,Karan Joshi,karan.joshi227@gmail.com,2025-05-30,PREMIUM
C0107,Rohan Deshmukh,rohan.deshmukh487@gmail.com,2025-06-24,REGULAR
C0108,Vivaan Sharma,vivaan.sharma38@gmail.com,2025-04-12,VIP
C0109,Sneha Joshi,sneha.joshi519@gmail.com,2026-01-12,VIP
C0110,Rahul Gupta,rahul.gupta682@gmail.com,2023-12-08,REGULAR
C0111,Aditya Patil,aditya.patil158@gmail.com,2024-03-14,PREMIUM
C0112,Ananya Singh,ananya.singh500@gmail.com,2026-03-09,VIP
C0113,Isha Joshi,isha.joshi955@gmail.com,2026-07-23,REGULAR
C0114,Ananya Shah,ananya.shah239@gmail.com,2025-10-04,VIP
C0115,Neha Sharma,neha.sharma910@gmail.com,2024-12-12,VIP
C0116,Kavya Gupta,kavya.gupta352@gmail.com,2024-12-10,REGULAR
C0117,Aditya Verma,aditya.verma689@gmail.com,2025-08-20,PREMIUM
C0118,Aarav Deshmukh,aarav.deshmukh771@gmail.com,2026-04-14,PREMIUM
C0119,Vivaan Shah,vivaan.shah756@gmail.com,2024-11-10,REGULAR
C0120,Rahul Patil,rahul.patil258@gmail.com,2025-04-09,VIP
C0121,Aarav Sharma,aarav.sharma287@gmail.com,2026-04-02,PREMIUM
C0122,Rahul Singh,rahul.singh200@gmail.com,2025-07-13,REGULAR
C0123,Pooja Mehta,pooja.mehta62@gmail.com,2025-04-05,REGULAR
C0124,Aditi Verma,aditi.verma358@gmail.com,2024-06-05,REGULAR
C0125,Neha Shah,neha.shah901@gmail.com,2025-04-12,REGULAR
C0126,Arjun Joshi,arjun.joshi189@gmail.com,2024-08-24,REGULAR
C0127,Neha Kulkarni,neha.kulkarni242@gmail.com,2025-06-04,VIP
C0128,Neha Shah,neha.shah428@gmail.com,2025-06-26,PREMIUM
C0129,Vivaan Verma,vivaan.verma292@gmail.com,2026-06-02,VIP
C0130,Priya Mehta,priya.mehta915@gmail.com,2026-06-22,PREMIUM
C0131,Karan Gupta,karan.gupta606@gmail.com,2024-12-31,REGULAR
C0132,Aditi Verma,aditi.verma706@gmail.com,2024-12-09,REGULAR
C0133,Kavya Shah,kavya.shah998@gmail.com,2026-04-05,PREMIUM
C0134,Rohan Mehta,rohan.mehta563@gmail.com,2024-08-28,VIP
C0135,Aditi Patil,aditi.patil169@gmail.com,2024-02-13,VIP
C0136,Aditya Mehta,aditya.mehta622@gmail.com,2025-02-10,VIP
C0137,Aditi Kulkarni,aditi.kulkarni305@gmail.com,2024-01-18,VIP
C0138,Rahul Verma,rahul.verma243@gmail.com,2024-12-10,VIP
C0139,Kavya Joshi,kavya.joshi668@gmail.com,2025-05-08,VIP
C0140,Rohan Joshi,rohan.joshi99@gmail.com,2026-03-30,PREMIUM
C0141,Rohan Gupta,rohan.gupta613@gmail.com,2025-01-22,PREMIUM
C0142,Rohan Mehta,rohan.mehta758@gmail.com,2025-11-07,REGULAR
C0143,Vivaan Gupta,vivaan.gupta806@gmail.com,2025-04-18,PREMIUM
C0144,Aditi Kulkarni,aditi.kulkarni933@gmail.com,2024-08-23,REGULAR
C0145,Priya Kulkarni,priya.kulkarni338@gmail.com,2025-06-01,PREMIUM
C0146,Aditya Kulkarni,aditya.kulkarni356@gmail.com,2024-10-08,VIP
C0147,Isha Gupta,isha.gupta490@gmail.com,2024-04-07,PREMIUM
C0148,Kavya Shah,kavya.shah698@gmail.com,2025-12-06,REGULAR
C0149,Rohan Deshmukh,rohan.deshmukh878@gmail.com,2026-04-22,REGULAR
C0150,Arjun Joshi,arjun.joshi833gmail.com,2024-06-09,PREMIUM
C0151,Pooja Gupta,pooja.gupta18@gmail.com,2026-04-12,REGULAR
C0152,Arjun Mehta,arjun.mehta466@gmail.com,2024-09-27,VIP
C0153,Neha Patil,neha.patil365@gmail.com,2023-12-21,PREMIUM
C0154,Rahul Joshi,rahul.joshi548@gmail.com,2025-09-10,VIP
C0155,Sneha Patil,sneha.patil243@gmail.com,2025-07-24,VIP
C0156,Vivaan Deshmukh,vivaan.deshmukh800@gmail.com,2025-05-11,PREMIUM
C0157,Isha Verma,isha.verma611@gmail.com,2026-04-01,VIP
C0158,Sneha Joshi,sneha.joshi408@gmail.com,2024-09-06,PREMIUM
C0159,Aditya Kulkarni,aditya.kulkarni637@gmail.com,2024-11-22,PREMIUM
C0160,Aditya Deshmukh,aditya.deshmukh779@gmail.com,2025-03-21,PREMIUM
C0161,Arjun Shah,arjun.shah788@gmail.com,2024-10-12,PREMIUM
C0162,Rohan Kulkarni,rohan.kulkarni458@gmail.com,2024-07-10,PREMIUM
C0163,Sneha Mehta,sneha.mehta809@gmail.com,2025-01-23,VIP
C0164,Vivaan Shah,vivaan.shah430@gmail.com,2025-01-03,VIP
C0165,Sneha Mehta,sneha.mehta661@gmail.com,2024-12-29,REGULAR
C0166,Priya Verma,priya.verma550@gmail.com,2024-04-21,VIP
C0167,Rohan Kulkarni,rohan.kulkarni584@gmail.com,2025-04-16,REGULAR
C0168,Arjun Sharma,arjun.sharma871@gmail.com,2025-07-10,VIP
C0169,Ananya Sharma,ananya.sharma354@gmail.com,2024-10-06,VIP
C0170,Rohan Patil,rohan.patil683@gmail.com,2025-06-05,VIP
C0171,Karan Sharma,karan.sharma755@gmail.com,2026-04-26,PREMIUM
C0172,Arjun Verma,arjun.verma249@gmail.com,2026-07-01,PREMIUM
C0173,Karan Kulkarni,karan.kulkarni114@gmail.com,2024-07-04,REGULAR
C0174,Pooja Kulkarni,pooja.kulkarni416@gmail.com,2026-06-07,PREMIUM
C0175,Rahul Singh,rahul.singh906@gmail.com,2024-07-17,REGULAR
C0176,Ananya Gupta,ananya.gupta232@gmail.com,2026-06-04,PREMIUM
C0177,Aditya Kulkarni,aditya.kulkarni130@gmail.com,2024-04-07,VIP
C0178,Arjun Sharma,arjun.sharma852@gmail.com,2025-06-08,VIP
C0179,Priya Joshi,priya.joshi776@gmail.com,2024-08-25,PREMIUM
C0180,Sneha Gupta,sneha.gupta585@gmail.com,2024-01-30,PREMIUM
C0181,Sneha Singh,sneha.singh572@gmail.com,2026-06-12,VIP
C0182,Isha Shah,isha.shah849@gmail.com,2025-12-03,PREMIUM
C0183,Isha Joshi,isha.joshi979@gmail.com,2026-01-02,REGULAR
C0184,Isha Singh,isha.singh567@gmail.com,2025-05-29,REGULAR
C0185,Ananya Joshi,ananya.joshi141@gmail.com,2026-05-19,PREMIUM
C0186,Karan Gupta,karan.gupta195@gmail.com,2025-03-19,REGULAR
C0187,Sneha Verma,sneha.verma819@gmail.com,2025-11-26,VIP
C0188,Aditya Kulkarni,aditya.kulkarni867@gmail.com,2026-05-13,REGULAR
C0189,Kavya Gupta,kavya.gupta451@gmail.com,2025-01-03,VIP
C0190,Karan Deshmukh,karan.deshmukh790@gmail.com,2024-02-05,REGULAR
C0191,Neha Patil,neha.patil723@gmail.com,2024-08-09,PREMIUM
C0192,Isha Singh,isha.singh937@gmail.com,2024-01-03,VIP
C0193,Rahul Mehta,rahul.mehta795@gmail.com,2024-03-01,VIP
C0194,Karan Singh,karan.singh991@gmail.com,2024-07-04,VIP
C0195,Priya Joshi,priya.joshi579@gmail.com,2024-07-10,REGULAR
C0196,Neha Verma,neha.verma538@gmail.com,2025-04-18,PREMIUM
C0197,Aditi Shah,aditi.shah539@gmail.com,2026-03-02,REGULAR
C0198,Aditi Verma,aditi.verma263@gmail.com,2025-08-27,REGULAR
C0199,Isha Patil,isha.patil659@gmail.com,2025-11-30,REGULAR
C0200,Ananya Verma,ananya.verma360gmail.com,2024-12-12,PREMIUM
C0201,Kavya Mehta,kavya.mehta188@gmail.com,2026-02-15,PREMIUM
C0202,Karan Sharma,karan.sharma660@gmail.com,2024-04-01,VIP
C0203,Neha Gupta,neha.gupta329@gmail.com,2024-08-18,REGULAR
C0204,Aditi Kulkarni,aditi.kulkarni350@gmail.com,2026-07-17,VIP
C0205,Priya Patil,priya.patil295@gmail.com,2025-02-03,REGULAR
C0206,Pooja Gupta,pooja.gupta160@gmail.com,2024-08-19,PREMIUM
C0207,Neha Shah,neha.shah167@gmail.com,2025-05-19,VIP
C0208,Pooja Sharma,pooja.sharma576@gmail.com,2024-06-08,VIP
C0209,Priya Joshi,priya.joshi875@gmail.com,2025-08-17,VIP
C0210,Rohan Patil,rohan.patil399@gmail.com,2024-01-01,REGULAR
C0211,Kavya Patil,kavya.patil504@gmail.com,2025-02-22,REGULAR
C0212,Neha Joshi,neha.joshi488@gmail.com,2024-04-06,VIP
C0213,Priya Shah,priya.shah602@gmail.com,2023-12-04,VIP
C0214,Neha Sharma,neha.sharma208@gmail.com,2025-04-05,REGULAR
C0215,Ananya Mehta,ananya.mehta212@gmail.com,2024-08-10,PREMIUM
C0216,Kavya Deshmukh,kavya.deshmukh929@gmail.com,2025-04-26,REGULAR
C0217,Vivaan Shah,vivaan.shah130@gmail.com,2024-03-11,VIP
C0218,Kavya Gupta,kavya.gupta919@gmail.com,2024-06-26,PREMIUM
C0219,Ananya Gupta,ananya.gupta329@gmail.com,2025-11-17,REGULAR
C0220,Rohan Sharma,rohan.sharma554@gmail.com,2025-05-11,VIP
C0221,Rahul Deshmukh,rahul.deshmukh76@gmail.com,2024-08-28,VIP
C0222,Ananya Joshi,ananya.joshi599@gmail.com,2024-10-19,REGULAR
C0223,Isha Patil,isha.patil519@gmail.com,2023-11-22,REGULAR
C0224,Kavya Shah,kavya.shah776@gmail.com,2024-03-13,REGULAR
C0225,Aarav Mehta,aarav.mehta263@gmail.com,2024-07-15,VIP
C0226,Aditi Singh,aditi.singh775@gmail.com,2025-12-06,VIP
C0227,Aditya Patil,aditya.patil228@gmail.com,2024-04-19,REGULAR
C0228,Aarav Kulkarni,aarav.kulkarni626@gmail.com,2026-01-01,PREMIUM
C0229,Aarav Patil,aarav.patil931@gmail.com,2025-08-02,REGULAR
C0230,Isha Joshi,isha.joshi247@gmail.com,2023-12-10,REGULAR
C0231,Neha Kulkarni,neha.kulkarni986@gmail.com,2026-06-30,VIP
C0232,Pooja Shah,pooja.shah733@gmail.com,2025-05-13,REGULAR
C0233,Aditya Joshi,aditya.joshi39@gmail.com,2024-07-30,VIP
C0234,Rohan Mehta,rohan.mehta589@gmail.com,2024-05-03,REGULAR
C0235,Kavya Kulkarni,kavya.kulkarni528@gmail.com,2025-01-19,VIP
C0236,Vivaan Joshi,vivaan.joshi619@gmail.com,2024-03-08,REGULAR
C0237,Kavya Kulkarni,kavya.kulkarni66@gmail.com,2025-06-30,PREMIUM
C0238,Vivaan Deshmukh,vivaan.deshmukh627@gmail.com,2024-02-21,PREMIUM
C0239,Arjun Patil,arjun.patil829@gmail.com,2026-02-07,VIP
C0240,Neha Patil,neha.patil806@gmail.com,2024-09-06,REGULAR
C0241,Ananya Singh,ananya.singh316@gmail.com,2026-04-29,REGULAR
C0242,Rohan Mehta,rohan.mehta805@gmail.com,2024-09-20,REGULAR
C0243,Aditya Gupta,aditya.gupta993@gmail.com,2025-06-14,PREMIUM
C0244,Rohan Joshi,rohan.joshi348@gmail.com,2024-01-02,PREMIUM
C0245,Pooja Shah,pooja.shah584@gmail.com,2024-11-25,REGULAR
C0246,Karan Deshmukh,karan.deshmukh985@gmail.com,2024-09-02,PREMIUM
C0247,Aditya Sharma,aditya.sharma504@gmail.com,2025-12-10,VIP
C0248,Ananya Singh,ananya.singh299@gmail.com,2026-04-15,REGULAR
C0249,Rohan Kulkarni,rohan.kulkarni402@gmail.com,2026-02-13,PREMIUM
C0250,Pooja Kulkarni,pooja.kulkarni984gmail.com,2024-01-20,VIP
C0251,Priya Kulkarni,priya.kulkarni747@gmail.com,2026-05-30,REGULAR
C0252,Rohan Sharma,rohan.sharma223@gmail.com,2025-02-21,REGULAR
C0253,Aditya Kulkarni,aditya.kulkarni969@gmail.com,2025-09-03,VIP
C0254,Rahul Sharma,rahul.sharma497@gmail.com,2024-05-23,REGULAR
C0255,Karan Patil,karan.patil902@gmail.com,2024-01-13,VIP
C0256,Rohan Patil,rohan.patil128@gmail.com,2023-11-13,REGULAR
C0257,Aditi Sharma,aditi.sharma976@gmail.com,2025-02-17,PREMIUM
C0258,Priya Verma,priya.verma381@gmail.com,2025-11-20,PREMIUM
C0259,Rohan Patil,rohan.patil351@gmail.com,2026-02-18,PREMIUM
C0260,Ananya Shah,ananya.shah391@gmail.com,2025-12-11,VIP
C0261,Karan Singh,karan.singh475@gmail.com,2025-06-01,VIP
C0262,Sneha Sharma,sneha.sharma332@gmail.com,2025-12-25,REGULAR
C0263,Rahul Deshmukh,rahul.deshmukh670@gmail.com,2024-03-30,REGULAR
C0264,Rohan Joshi,rohan.joshi729@gmail.com,2024-08-30,REGULAR
C0265,Pooja Sharma,pooja.sharma793@gmail.com,2024-12-06,PREMIUM
C0266,Vivaan Kulkarni,vivaan.kulkarni44@gmail.com,2023-12-19,VIP
C0267,Rohan Deshmukh,rohan.deshmukh74@gmail.com,2025-05-15,VIP
C0268,Arjun Deshmukh,arjun.deshmukh776@gmail.com,2024-07-29,VIP
C0269,Rohan Singh,rohan.singh675@gmail.com,2025-02-14,REGULAR
C0270,Neha Verma,neha.verma143@gmail.com,2024-04-25,PREMIUM
C0271,Kavya Sharma,kavya.sharma670@gmail.com,2025-07-08,PREMIUM
C0272,Pooja Verma,pooja.verma516@gmail.com,2026-02-06,PREMIUM
C0273,Ananya Gupta,ananya.gupta986@gmail.com,2025-02-15,VIP
C0274,Aarav Mehta,aarav.mehta81@gmail.com,2024-05-13,PREMIUM
C0275,Ananya Patil,ananya.patil598@gmail.com,2023-12-06,VIP
C0276,Aditi Singh,aditi.singh219@gmail.com,2025-01-25,PREMIUM
C0277,Aarav Verma,aarav.verma14@gmail.com,2025-01-12,PREMIUM
C0278,Isha Singh,isha.singh840@gmail.com,2024-06-25,REGULAR
C0279,Aarav Sharma,aarav.sharma634@gmail.com,2026-01-06,VIP
C0280,Ananya Sharma,ananya.sharma251@gmail.com,2025-11-30,VIP
C0281,Isha Singh,isha.singh970@gmail.com,2025-07-11,REGULAR
C0282,Rahul Singh,rahul.singh651@gmail.com,2025-12-02,VIP
C0283,Aditya Deshmukh,aditya.deshmukh774@gmail.com,2025-12-06,REGULAR
C0284,Pooja Shah,pooja.shah76@gmail.com,2024-06-19,VIP
C0285,Kavya Patil,kavya.patil739@gmail.com,2025-09-30,PREMIUM
C0286,Aditi Joshi,aditi.joshi813@gmail.com,2023-11-25,REGULAR
C0287,Rohan Gupta,rohan.gupta817@gmail.com,2024-09-05,REGULAR
C0288,Isha Verma,isha.verma259@gmail.com,2024-05-18,PREMIUM
C0289,Aditya Singh,aditya.singh560@gmail.com,2025-02-27,VIP
C0290,Neha Patil,neha.patil304@gmail.com,2023-12-10,VIP
C0291,Ananya Patil,ananya.patil394@gmail.com,2025-02-16,VIP
C0292,Karan Sharma,karan.sharma626@gmail.com,2026-03-12,VIP
C0293,Isha Joshi,isha.joshi839@gmail.com,2024-06-25,REGULAR
C0294,Pooja Sharma,pooja.sharma740@gmail.com,2023-12-17,PREMIUM
C0295,Kavya Verma,kavya.verma973@gmail.com,2024-09-18,REGULAR
C0296,Arjun Deshmukh,arjun.deshmukh121@gmail.com,2025-10-01,VIP
C0297,Vivaan Verma,vivaan.verma497@gmail.com,2024-10-07,REGULAR
C0298,Rohan Mehta,rohan.mehta744@gmail.com,2024-12-08,REGULAR
C0299,Aditya Gupta,aditya.gupta961@gmail.com,2024-09-27,VIP
C0300,Ananya Kulkarni,ananya.kulkarni556gmail.com,2023-11-26,VIP
C0301,Kavya Patil,kavya.patil668@gmail.com,2024-10-19,REGULAR
C0302,Ananya Verma,ananya.verma857@gmail.com,2026-06-26,REGULAR
C0303,Aarav Verma,aarav.verma607@gmail.com,2025-07-16,REGULAR
C0304,Arjun Joshi,arjun.joshi391@gmail.com,2024-10-24,VIP
C0305,Rohan Mehta,rohan.mehta82@gmail.com,2024-01-27,PREMIUM
C0306,Isha Mehta,isha.mehta821@gmail.com,2025-05-04,VIP
C0307,Neha Kulkarni,neha.kulkarni546@gmail.com,2025-01-26,PREMIUM
C0308,Kavya Mehta,kavya.mehta51@gmail.com,2024-04-28,VIP
C0309,Vivaan Verma,vivaan.verma960@gmail.com,2024-04-25,PREMIUM
C0310,Arjun Mehta,arjun.mehta873@gmail.com,2025-09-26,REGULAR
C0311,Isha Singh,isha.singh850@gmail.com,2026-04-29,VIP
C0312,Ananya Verma,ananya.verma120@gmail.com,2024-02-14,REGULAR
C0313,Aditi Shah,aditi.shah499@gmail.com,2026-04-23,PREMIUM
C0314,Aarav Verma,aarav.verma920@gmail.com,2025-08-23,VIP
C0315,Aditi Singh,aditi.singh644@gmail.com,2025-09-10,VIP
C0316,Rohan Sharma,rohan.sharma471@gmail.com,2025-02-02,VIP
C0317,Kavya Gupta,kavya.gupta661@gmail.com,2025-12-13,PREMIUM
C0318,Neha Singh,neha.singh883@gmail.com,2024-10-20,VIP
C0319,Arjun Sharma,arjun.sharma729@gmail.com,2024-05-17,PREMIUM
C0320,Aarav Verma,aarav.verma163@gmail.com,2025-09-21,PREMIUM
C0321,Rohan Gupta,rohan.gupta240@gmail.com,2026-07-24,VIP
C0322,Pooja Verma,pooja.verma533@gmail.com,2026-01-14,PREMIUM
C0323,Arjun Kulkarni,arjun.kulkarni72@gmail.com,2024-05-13,VIP
C0324,Karan Deshmukh,karan.deshmukh531@gmail.com,2024-04-01,PREMIUM
C0325,Rohan Patil,rohan.patil826@gmail.com,2024-09-28,VIP
C0326,Rahul Shah,rahul.shah628@gmail.com,2023-11-26,REGULAR
C0327,Pooja Shah,pooja.shah404@gmail.com,2024-05-18,REGULAR
C0328,Pooja Deshmukh,pooja.deshmukh132@gmail.com,2026-04-13,PREMIUM
C0329,Ananya Mehta,ananya.mehta126@gmail.com,2025-10-31,REGULAR
C0330,Pooja Joshi,pooja.joshi115@gmail.com,2026-07-14,VIP
C0331,Vivaan Mehta,vivaan.mehta564@gmail.com,2026-01-27,VIP
C0332,Neha Shah,neha.shah323@gmail.com,2025-12-10,REGULAR
C0333,Sneha Verma,sneha.verma744@gmail.com,2024-06-01,PREMIUM
C0334,Priya Patil,priya.patil439@gmail.com,2024-12-13,REGULAR
C0335,Aditi Kulkarni,aditi.kulkarni484@gmail.com,2023-11-21,PREMIUM
C0336,Aditi Gupta,aditi.gupta843@gmail.com,2025-12-23,VIP
C0337,Arjun Patil,arjun.patil760@gmail.com,2026-07-28,VIP
C0338,Ananya Sharma,ananya.sharma74@gmail.com,2024-04-30,REGULAR
C0339,Sneha Deshmukh,sneha.deshmukh504@gmail.com,2024-01-18,REGULAR
C0340,Arjun Joshi,arjun.joshi540@gmail.com,2026-03-28,VIP
C0341,Sneha Singh,sneha.singh695@gmail.com,2025-12-26,PREMIUM
C0342,Isha Deshmukh,isha.deshmukh871@gmail.com,2024-09-09,PREMIUM
C0343,Vivaan Gupta,vivaan.gupta496@gmail.com,2024-03-27,REGULAR
C0344,Neha Patil,neha.patil506@gmail.com,2026-07-27,VIP
C0345,Arjun Deshmukh,arjun.deshmukh408@gmail.com,2025-09-18,REGULAR
C0346,Karan Mehta,karan.mehta514@gmail.com,2026-01-03,PREMIUM
C0347,Kavya Patil,kavya.patil346@gmail.com,2026-06-17,PREMIUM
C0348,Sneha Shah,sneha.shah778@gmail.com,2025-09-08,REGULAR
C0349,Kavya Sharma,kavya.sharma735@gmail.com,2025-06-20,PREMIUM
C0350,Aarav Singh,aarav.singh527gmail.com,2024-09-19,VIP
C0351,Kavya Mehta,kavya.mehta26@gmail.com,2025-01-31,VIP
C0352,Sneha Patil,sneha.patil243@gmail.com,2024-06-20,PREMIUM
C0353,Kavya Joshi,kavya.joshi816@gmail.com,2026-07-10,REGULAR
C0354,Rahul Sharma,rahul.sharma757@gmail.com,2024-03-05,REGULAR
C0355,Aditya Mehta,aditya.mehta394@gmail.com,2024-09-14,REGULAR
C0356,Karan Singh,karan.singh831@gmail.com,2025-09-06,REGULAR
C0357,Aditi Mehta,aditi.mehta662@gmail.com,2024-06-02,PREMIUM
C0358,Aarav Sharma,aarav.sharma654@gmail.com,2024-05-10,PREMIUM
C0359,Sneha Deshmukh,sneha.deshmukh968@gmail.com,2025-02-25,VIP
C0360,Aditi Gupta,aditi.gupta739@gmail.com,2024-04-14,REGULAR
C0361,Rohan Gupta,rohan.gupta937@gmail.com,2025-04-02,VIP
C0362,Arjun Joshi,arjun.joshi637@gmail.com,2026-05-21,REGULAR
C0363,Isha Patil,isha.patil619@gmail.com,2026-03-05,REGULAR
C0364,Rohan Shah,rohan.shah184@gmail.com,2024-05-22,REGULAR
C0365,Pooja Joshi,pooja.joshi937@gmail.com,2025-08-31,VIP
C0366,Ananya Shah,ananya.shah830@gmail.com,2025-01-29,REGULAR
C0367,Aarav Joshi,aarav.joshi970@gmail.com,2026-07-27,PREMIUM
C0368,Priya Verma,priya.verma780@gmail.com,2026-02-04,PREMIUM
C0369,Vivaan Deshmukh,vivaan.deshmukh87@gmail.com,2025-11-04,VIP
C0370,Priya Shah,priya.shah336@gmail.com,2026-03-04,REGULAR
C0371,Aarav Verma,aarav.verma826@gmail.com,2025-10-15,VIP
C0372,Aditi Shah,aditi.shah434@gmail.com,2025-07-26,VIP
C0373,Aditya Singh,aditya.singh981@gmail.com,2025-04-25,PREMIUM
C0374,Priya Shah,priya.shah77@gmail.com,2025-01-28,PREMIUM
C0375,Sneha Verma,sneha.verma115@gmail.com,2024-11-01,PREMIUM
C0376,Isha Kulkarni,isha.kulkarni727@gmail.com,2024-06-01,REGULAR
C0377,Rahul Singh,rahul.singh152@gmail.com,2025-03-04,REGULAR
C0378,Isha Sharma,isha.sharma909@gmail.com,2024-08-20,PREMIUM
C0379,Aditya Deshmukh,aditya.deshmukh327@gmail.com,2024-12-04,VIP
C0380,Aditya Sharma,aditya.sharma176@gmail.com,2025-06-20,PREMIUM
C0381,Pooja Gupta,pooja.gupta46@gmail.com,2024-09-18,PREMIUM
C0382,Pooja Verma,pooja.verma88@gmail.com,2025-06-01,REGULAR
C0383,Aditya Deshmukh,aditya.deshmukh723@gmail.com,2024-07-23,VIP
C0384,Rohan Joshi,rohan.joshi689@gmail.com,2024-02-22,VIP
C0385,Rahul Deshmukh,rahul.deshmukh733@gmail.com,2025-01-06,REGULAR
C0386,Ananya Deshmukh,ananya.deshmukh556@gmail.com,2024-10-30,REGULAR
C0387,Aditya Joshi,aditya.joshi569@gmail.com,2025-11-02,VIP
C0388,Pooja Singh,pooja.singh81@gmail.com,2026-03-17,REGULAR
C0389,Sneha Mehta,sneha.mehta607@gmail.com,2024-03-09,PREMIUM
C0390,Aarav Sharma,aarav.sharma205@gmail.com,2024-04-15,PREMIUM
C0391,Aditi Singh,aditi.singh497@gmail.com,2024-08-15,VIP
C0392,Aarav Mehta,aarav.mehta678@gmail.com,2024-09-22,PREMIUM
C0393,Neha Singh,neha.singh981@gmail.com,2024-10-10,REGULAR
C0394,Aditya Singh,aditya.singh904@gmail.com,2025-07-27,VIP
C0395,Sneha Singh,sneha.singh109@gmail.com,2025-06-11,VIP
C0396,Aarav Kulkarni,aarav.kulkarni538@gmail.com,2024-03-28,PREMIUM
C0397,Rohan Joshi,rohan.joshi574@gmail.com,2023-12-23,REGULAR
C0398,Arjun Kulkarni,arjun.kulkarni268@gmail.com,2025-12-27,PREMIUM
C0399,Priya Verma,priya.verma271@gmail.com,2026-07-05,VIP
C0400,Kavya Singh,kavya.singh712gmail.com,2025-01-29,VIP
C0401,Rahul Gupta,rahul.gupta910@gmail.com,2024-02-12,REGULAR
C0402,Sneha Singh,sneha.singh632@gmail.com,2024-01-15,VIP
C0403,Vivaan Joshi,vivaan.joshi763@gmail.com,2025-08-05,PREMIUM
C0404,Rohan Mehta,rohan.mehta358@gmail.com,2025-04-17,VIP
C0405,Kavya Shah,kavya.shah97@gmail.com,2025-09-05,VIP
C0406,Priya Verma,priya.verma313@gmail.com,2025-10-27,VIP
C0407,Priya Sharma,priya.sharma931@gmail.com,2025-03-13,REGULAR
C0408,Sneha Singh,sneha.singh559@gmail.com,2026-06-11,PREMIUM
C0409,Rahul Patil,rahul.patil806@gmail.com,2024-01-29,VIP
C0410,Ananya Mehta,ananya.mehta273@gmail.com,2025-09-05,REGULAR
C0411,Priya Singh,priya.singh695@gmail.com,2025-02-25,VIP
C0412,Isha Verma,isha.verma674@gmail.com,2025-03-30,PREMIUM
C0413,Karan Sharma,karan.sharma310@gmail.com,2024-04-09,REGULAR
C0414,Ananya Singh,ananya.singh850@gmail.com,2026-07-21,PREMIUM
C0415,Aarav Singh,aarav.singh948@gmail.com,2025-07-16,PREMIUM
C0416,Priya Joshi,priya.joshi890@gmail.com,2024-12-06,REGULAR
C0417,Aditya Verma,aditya.verma522@gmail.com,2025-12-12,REGULAR
C0418,Rahul Deshmukh,rahul.deshmukh694@gmail.com,2025-08-06,PREMIUM
C0419,Isha Singh,isha.singh308@gmail.com,2024-04-07,VIP
C0420,Kavya Joshi,kavya.joshi866@gmail.com,2026-02-06,PREMIUM
C0421,Sneha Singh,sneha.singh560@gmail.com,2024-09-30,REGULAR
C0422,Aarav Singh,aarav.singh292@gmail.com,2024-07-30,PREMIUM
C0423,Sneha Shah,sneha.shah649@gmail.com,2025-12-06,VIP
C0424,Aditi Sharma,aditi.sharma288@gmail.com,2025-07-28,VIP
C0425,Arjun Joshi,arjun.joshi227@gmail.com,2024-11-09,PREMIUM
C0426,Sneha Shah,sneha.shah63@gmail.com,2025-09-05,PREMIUM
C0427,Aditi Singh,aditi.singh39@gmail.com,2026-02-18,PREMIUM
C0428,Aditya Verma,aditya.verma984@gmail.com,2026-06-05,REGULAR
C0429,Rahul Singh,rahul.singh594@gmail.com,2026-05-03,PREMIUM
C0430,Arjun Sharma,arjun.sharma919@gmail.com,2026-06-06,VIP
C0431,Aditi Verma,aditi.verma414@gmail.com,2024-09-01,PREMIUM
C0432,Aarav Verma,aarav.verma787@gmail.com,2025-08-15,PREMIUM
C0433,Kavya Kulkarni,kavya.kulkarni425@gmail.com,2025-09-24,VIP
C0434,Sneha Shah,sneha.shah134@gmail.com,2025-04-20,PREMIUM
C0435,Aarav Gupta,aarav.gupta860@gmail.com,2025-10-29,REGULAR
C0436,Vivaan Joshi,vivaan.joshi173@gmail.com,2025-12-15,REGULAR
C0437,Vivaan Mehta,vivaan.mehta580@gmail.com,2025-12-12,PREMIUM
C0438,Ananya Deshmukh,ananya.deshmukh915@gmail.com,2025-08-12,VIP
C0439,Aditya Kulkarni,aditya.kulkarni975@gmail.com,2026-06-28,PREMIUM
C0440,Pooja Patil,pooja.patil851@gmail.com,2026-05-13,REGULAR
C0441,Aditya Gupta,aditya.gupta74@gmail.com,2024-04-12,VIP
C0442,Sneha Kulkarni,sneha.kulkarni363@gmail.com,2024-03-30,REGULAR
C0443,Sneha Joshi,sneha.joshi869@gmail.com,2024-01-10,REGULAR
C0444,Rohan Patil,rohan.patil13@gmail.com,2026-05-04,PREMIUM
C0445,Kavya Deshmukh,kavya.deshmukh417@gmail.com,2025-09-24,VIP
C0446,Neha Patil,neha.patil861@gmail.com,2026-06-04,PREMIUM
C0447,Pooja Mehta,pooja.mehta997@gmail.com,2025-08-26,REGULAR
C0448,Pooja Verma,pooja.verma49@gmail.com,2024-05-06,REGULAR
C0449,Arjun Mehta,arjun.mehta712@gmail.com,2025-12-21,VIP
C0450,Arjun Shah,arjun.shah579gmail.com,2026-04-28,VIP
C0451,Kavya Kulkarni,kavya.kulkarni660@gmail.com,2024-11-03,PREMIUM
C0452,Kavya Sharma,kavya.sharma701@gmail.com,2025-09-14,VIP
C0453,Aditya Singh,aditya.singh570@gmail.com,2025-01-16,REGULAR
C0454,Kavya Shah,kavya.shah525@gmail.com,2025-03-11,REGULAR
C0455,Aditya Deshmukh,aditya.deshmukh154@gmail.com,2026-05-13,PREMIUM
C0456,Vivaan Gupta,vivaan.gupta583@gmail.com,2023-12-16,VIP
C0457,Isha Verma,isha.verma727@gmail.com,2024-09-08,REGULAR
C0458,Isha Sharma,isha.sharma931@gmail.com,2024-02-06,REGULAR
C0459,Priya Mehta,priya.mehta19@gmail.com,2025-02-23,VIP
C0460,Pooja Mehta,pooja.mehta887@gmail.com,2024-10-31,VIP
C0461,Rahul Kulkarni,rahul.kulkarni659@gmail.com,2026-01-20,PREMIUM
C0462,Pooja Gupta,pooja.gupta684@gmail.com,2024-09-13,PREMIUM
C0463,Aarav Mehta,aarav.mehta151@gmail.com,2024-03-10,VIP
C0464,Isha Patil,isha.patil203@gmail.com,2024-10-29,REGULAR
C0465,Priya Gupta,priya.gupta951@gmail.com,2024-12-28,REGULAR
C0466,Aditi Gupta,aditi.gupta569@gmail.com,2024-07-13,VIP
C0467,Priya Mehta,priya.mehta688@gmail.com,2026-05-22,REGULAR
C0468,Isha Singh,isha.singh118@gmail.com,2024-07-12,REGULAR
C0469,Rahul Gupta,rahul.gupta755@gmail.com,2026-05-08,VIP
C0470,Rohan Sharma,rohan.sharma222@gmail.com,2025-01-01,PREMIUM
C0471,Sneha Gupta,sneha.gupta239@gmail.com,2025-11-08,PREMIUM
C0472,Karan Gupta,karan.gupta910@gmail.com,2025-06-19,PREMIUM
C0473,Vivaan Deshmukh,vivaan.deshmukh5@gmail.com,2025-03-20,VIP
C0474,Priya Shah,priya.shah105@gmail.com,2025-05-07,REGULAR
C0475,Ananya Sharma,ananya.sharma41@gmail.com,2026-03-04,VIP
C0476,Sneha Verma,sneha.verma191@gmail.com,2026-01-23,PREMIUM
C0477,Karan Deshmukh,karan.deshmukh738@gmail.com,2024-02-17,VIP
C0478,Vivaan Kulkarni,vivaan.kulkarni706@gmail.com,2024-08-19,REGULAR
C0479,Rahul Patil,rahul.patil698@gmail.com,2025-02-22,VIP
C0480,Rohan Singh,rohan.singh634@gmail.com,2026-02-04,REGULAR
C0481,Isha Kulkarni,isha.kulkarni300@gmail.com,2024-10-26,PREMIUM
C0482,Ananya Verma,ananya.verma6@gmail.com,2026-02-04,REGULAR
C0483,Rahul Deshmukh,rahul.deshmukh263@gmail.com,2026-03-23,REGULAR
C0484,Rohan Verma,rohan.verma601@gmail.com,2024-10-21,REGULAR
C0485,Aarav Verma,aarav.verma354@gmail.com,2025-09-22,REGULAR
C0486,Arjun Gupta,arjun.gupta939@gmail.com,2024-05-25,PREMIUM
C0487,Priya Sharma,priya.sharma885@gmail.com,2025-03-17,REGULAR
C0488,Aditya Patil,aditya.patil309@gmail.com,2026-04-20,REGULAR
C0489,Rohan Kulkarni,rohan.kulkarni511@gmail.com,2024-02-01,PREMIUM
C0490,Rohan Patil,rohan.patil385@gmail.com,2025-09-15,REGULAR
C0491,Arjun Joshi,arjun.joshi946@gmail.com,2024-10-11,REGULAR
C0492,Aditya Deshmukh,aditya.deshmukh291@gmail.com,2026-05-17,PREMIUM
C0493,Arjun Sharma,arjun.sharma531@gmail.com,2025-01-08,PREMIUM
C0494,Kavya Singh,kavya.singh871@gmail.com,2024-11-05,REGULAR
C0495,Rohan Mehta,rohan.mehta635@gmail.com,2026-03-17,REGULAR
C0496,Aditya Kulkarni,aditya.kulkarni582@gmail.com,2026-05-21,PREMIUM
C0497,Rohan Gupta,rohan.gupta251@gmail.com,2024-02-01,PREMIUM
C0498,Karan Gupta,karan.gupta934@gmail.com,2025-09-17,REGULAR
C0499,Aarav Singh,aarav.singh826@gmail.com,2025-05-10,REGULAR
C0500,Arjun Deshmukh,arjun.deshmukh428gmail.com,2024-05-18,PREMIUM
