order_id,customer_id,order_date,status,region_code
O00001,C0195,2025-10-20 13:13:58,RETURNED,WEST
O00002,C0309,2026-07-14 13:04:58,PLACED,EAST
O00003,C0198,2025-06-17 03:19:58,PLACED,EAST
O00004,C0452,2025-07-28 13:58:58,PLACED,NORTH
O00005,C0485,2026-02-18 18:47:58,RETURNED,NORTH
O00006,C0481,2025-09-04 09:52:58,PLACED,SOUTH
O00007,C0015,2025-07-31 23:30:58,PLACED,SOUTH
O00008,C0151,2026-05-06 14:42:58,PLACED,NORTH
O00009,C0306,2026-02-10 04:02:58,RETURNED,EAST
O00010,C0315,2025-09-15 05:43:58,RETURNED,WEST
O00011,C0212,2026-05-31 18:37:58,RETURNED,EAST
O00012,C0355,2025-11-21 20:03:58,CANCELLED,SOUTH
O00013,C0476,2025-10-03 05:12:58,DELIVERED,NORTH
O00014,C0268,2025-12-22 07:31:58,DELIVERED,WEST
O00015,C0243,2026-02-21 18:54:58,CANCELLED,EAST
O00016,C0117,2025-05-22 19:38:58,RETURNED,SOUTH
O00017,C0349,2026-03-09 04:06:58,RETURNED,EAST
O00018,C0254,2025-11-01 13:15:58,DELIVERED,EAST
O00019,C0115,2025-11-21 05:10:58,PLACED,WEST
O00020,,2025-08-27 06:21:58,RETURNED,EAST
O00021,C0233,2026-06-04 21:11:58,PLACED,EAST
O00022,C0297,2025-07-12 21:57:58,DELIVERED,NORTH
O00023,C0142,2026-01-28 22:36:58,CANCELLED,WEST
O00024,C0174,2025-12-12 19:09:58,PLACED,WEST
O00025,C0021,2025-08-06 09:48:58,SHIPPED,NORTH
O00026,C0052,2025-12-20 22:59:58,PLACED,NORTH
O00027,C0071,2026-03-02 01:35:58,PLACED,NORTH
O00028,C0176,2025-06-02 21:49:58,DELIVERED,SOUTH
O00029,C0160,2025-07-10 21:47:58,CANCELLED,NORTH
O00030,C0382,2026-04-20 23:06:58,PLACED,NORTH
O00031,C0086,2025-11-28 04:41:58,RETURNED,WEST
O00032,C0483,2025-08-09 06:09:58,CANCELLED,SOUTH
O00033,C0290,2026-01-14 01:30:58,CANCELLED,NORTH
O00034,C0359,2026-06-27 11:22:58,RETURNED,EAST
O00035,C0304,2025-08-17 09:05:58,CANCELLED,SOUTH
O00036,C0124,2026-07-10 07:33:58,DELIVERED,NORTH
O00037,C0295,2026-01-03 00:59:58,PLACED,SOUTH
O00038,C0178,2025-09-17 07:12:58,SHIPPED,NORTH
O00039,C0401,2025-10-28 10:43:58,RETURNED,EAST
O00040,,2025-10-03 01:23:58,CANCELLED,SOUTH
O00041,C0133,2025-11-20 06:44:58,PLACED,WEST
O00042,C0470,2025-07-10 19:58:58,DELIVERED,EAST
O00043,C0499,2025-08-22 22:23:58,CANCELLED,WEST
O00044,C0325,2026-01-11 11:04:58,PLACED,EAST
O00045,C0220,2025-05-23 15:57:58,PLACED,SOUTH
O00046,C0399,2026-03-20 13:19:58,RETURNED,EAST
O00047,C0424,2025-08-25 17:56:58,DELIVERED,NORTH
O00048,C0495,2025-10-02 23:49:58,DELIVERED,WEST
O00049,C0429,2026-03-26 11:46:58,SHIPPED,SOUTH
O00050,C0247,2026-03-21 08:49:58,SHIPPED,SOUTH
O00051,C0461,2025-06-11 19:49:58,PLACED,EAST
O00052,C0180,2026-07-02 12:01:58,SHIPPED,SOUTH
O00053,C0299,2025-09-06 03:03:58,PLACED,WEST
O00054,C0090,2026-03-15 10:17:58,DELIVERED,NORTH
O00055,C0222,2026-02-01 22:07:58,SHIPPED,SOUTH
O00056,C0392,2026-04-16 04:48:58,CANCELLED,NORTH
O00057,C0276,2026-01-26 00:47:58,SHIPPED,WEST
O00058,C0094,2026-03-08 19:26:58,RETURNED,NORTH
O00059,C0256,2026-03-05 18:43:58,SHIPPED,EAST
O00060,,2026-07-19 19:39:58,DELIVERED,EAST
O00061,C0133,2025-08-31 09:49:58,PLACED,EAST
O00062,C0173,2025-08-14 21:02:58,RETURNED,SOUTH
O00063,C0149,2026-01-23 06:01:58,SHIPPED,EAST
O00064,C0106,2026-03-09 10:55:58,DELIVERED,NORTH
O00065,C0487,2025-06-21 09:41:58,SHIPPED,EAST
O00066,C0028,2025-10-19 17:57:58,DELIVERED,WEST
O00067,C0293,2026-07-12 09:15:58,CANCELLED,SOUTH
O00068,C0448,2026-04-08 15:05:58,RETURNED,EAST
O00069,C0100,2025-07-02 07:54:58,CANCELLED,WEST
O00070,C0076,2025-10-27 13:24:58,CANCELLED,EAST
O00071,C0497,2026-03-14 23:27:58,CANCELLED,SOUTH
O00072,C0348,2025-11-16 04:02:58,RETURNED,EAST
O00073,C0304,2025-06-19 13:44:58,SHIPPED,NORTH
O00074,C0298,2025-09-12 12:13:58,RETURNED,NORTH
O00075,C0418,2025-09-22 10:25:58,PLACED,NORTH
O00076,C0321,2026-07-29 06:24:58,SHIPPED,EAST
O00077,C0039,2025-05-21 21:48:58,PLACED,SOUTH
O00078,C0437,2025-11-18 14:33:58,RETURNED,EAST
O00079,C0378,2026-08-07 10:00:58,SHIPPED,SOUTH
O00080,,2026-07-04 07:39:58,RETURNED,NORTH
O00081,C0355,2025-12-24 21:34:58,DELIVERED,NORTH
O00082,C0464,2026-07-15 18:10:58,RETURNED,EAST
O00083,C0184,2026-01-09 06:19:58,DELIVERED,WEST
O00084,C0411,2026-01-23 00:07:58,PLACED,SOUTH
O00085,C0489,2026-06-29 09:30:58,PLACED,EAST
O00086,C0269,2025-08-12 06:19:58,DELIVERED,EAST
O00087,C0490,2026-02-21 06:16:58,RETURNED,SOUTH
O00088,C0200,2025-12-09 06:54:58,SHIPPED,SOUTH
O00089,C0444,2025-10-10 11:07:58,RETURNED,NORTH
O00090,C0448,2026-06-15 14:16:58,CANCELLED,EAST
O00091,C0468,2025-08-03 11:36:58,DELIVERED,WEST
O00092,C0460,2026-02-03 05:30:58,SHIPPED,EAST
O00093,C0111,2026-04-01 10:05:58,RETURNED,SOUTH
O00094,C0350,2026-04-02 04:03:58,CANCELLED,NORTH
O00095,C0377,2026-08-01 12:44:58,PLACED,WEST
O00096,C0225,2025-08-03 23:31:58,SHIPPED,EAST
O00097,C0172,2025-08-14 16:46:58,DELIVERED,WEST
O00098,C0071,2025-09-23 17:03:58,PLACED,WEST
O00099,C0300,2026-07-25 17:15:58,SHIPPED,EAST
O00100,,,RETURNED,WEST
O00101,C0347,2026-07-20 14:34:58,PLACED,NORTH
O00102,C0173,2025-10-13 19:35:58,RETURNED,WEST
O00103,C0316,2025-09-23 15:44:58,SHIPPED,EAST
O00104,C0178,2026-03-05 22:05:58,PLACED,SOUTH
O00105,C0019,2026-08-04 23:48:58,SHIPPED,WEST
O00106,C0005,2025-08-22 02:00:58,DELIVERED,SOUTH
O00107,C0353,2025-05-21 00:21:58,RETURNED,NORTH
O00108,C0218,2025-10-03 10:43:58,SHIPPED,SOUTH
O00109,C0004,2025-12-09 12:34:58,SHIPPED,WEST
O00110,C0436,2026-04-26 19:59:58,DELIVERED,EAST
O00111,C0311,2025-06-06 17:03:58,CANCELLED,WEST
O00112,C0381,2025-12-12 22:10:58,PLACED,SOUTH
O00113,C0284,2025-09-28 11:17:58,SHIPPED,NORTH
O00114,C0326,2025-05-20 15:39:58,PLACED,SOUTH
O00115,C0362,2025-06-15 10:58:58,DELIVERED,NORTH
O00116,C0060,2025-06-18 21:23:58,SHIPPED,EAST
O00117,C0268,2026-04-21 21:56:58,CANCELLED,NORTH
O00118,C0432,2026-08-04 20:48:58,SHIPPED,SOUTH
O00119,C0449,2026-03-12 13:10:58,PLACED,WEST
O00120,,2026-04-01 19:48:58,CANCELLED,WEST
O00121,C0481,2025-12-21 20:58:58,SHIPPED,SOUTH
O00122,C0266,2026-05-03 12:09:58,RETURNED,EAST
O00123,C0317,2026-05-22 05:52:58,DELIVERED,EAST
O00124,C0423,2025-10-24 03:32:58,CANCELLED,EAST
O00125,C0179,2026-01-08 15:51:58,RETURNED,WEST
O00126,C0457,2025-07-17 16:43:58,SHIPPED,WEST
O00127,C0233,2025-06-30 08:21:58,RETURNED,NORTH
O00128,C0397,2025-08-01 00:25:58,RETURNED,NORTH
O00129,C0341,2025-09-10 21:45:58,DELIVERED,EAST
O00130,C0315,2026-07-19 18:15:58,SHIPPED,EAST
O00131,C0217,2026-07-12 14:19:58,SHIPPED,WEST
O00132,C0125,2025-11-17 08:23:58,PLACED,EAST
O00133,C0336,2026-07-17 10:04:58,RETURNED,NORTH
O00134,C0132,2026-03-09 03:47:58,SHIPPED,WEST
O00135,C0354,2025-07-24 04:36:58,PLACED,NORTH
O00136,C0225,2025-08-07 17:52:58,CANCELLED,WEST
O00137,C0200,2026-01-15 17:07:58,CANCELLED,SOUTH
O00138,C0242,2026-04-02 11:19:58,DELIVERED,EAST
O00139,C0324,2026-04-16 11:48:58,DELIVERED,SOUTH
O00140,,2026-06-04 09:19:58,PLACED,SOUTH
O00141,C0093,2026-08-03 12:22:58,RETURNED,SOUTH
O00142,C0411,2026-06-27 23:10:58,CANCELLED,EAST
O00143,C0146,2026-05-03 07:26:58,CANCELLED,SOUTH
O00144,C0459,2025-08-09 07:17:58,RETURNED,NORTH
O00145,C0101,2026-02-12 01:11:58,PLACED,WEST
O00146,C0250,2025-08-27 11:41:58,SHIPPED,EAST
O00147,C0457,2025-07-26 21:18:58,RETURNED,EAST
O00148,C0290,2025-11-01 14:13:58,SHIPPED,SOUTH
O00149,C0168,2025-07-20 13:42:58,CANCELLED,NORTH
O00150,C0069,2025-12-31 05:11:58,DELIVERED,SOUTH
O00151,C0271,2025-10-12 13:17:58,RETURNED,SOUTH
O00152,C0146,2026-03-06 23:20:58,DELIVERED,NORTH
O00153,C0441,2026-03-15 22:16:58,DELIVERED,WEST
O00154,C0019,2025-07-18 00:39:58,CANCELLED,EAST
O00155,C0150,2026-02-15 04:57:58,PLACED,WEST
O00156,C0498,2025-07-12 19:00:58,CANCELLED,NORTH
O00157,C0270,2025-10-08 14:34:58,SHIPPED,SOUTH
O00158,C0308,2025-09-18 07:47:58,CANCELLED,EAST
O00159,C0410,2026-03-02 08:28:58,RETURNED,EAST
O00160,,2026-07-15 03:22:58,RETURNED,SOUTH
O00161,C0457,2025-06-01 03:37:58,RETURNED,SOUTH
O00162,C0453,2026-01-24 13:36:58,SHIPPED,SOUTH
O00163,C0318,2025-07-20 22:51:58,CANCELLED,EAST
O00164,C0137,2026-04-27 00:50:58,PLACED,NORTH
O00165,C0357,2025-06-23 21:53:58,PLACED,EAST
O00166,C0308,2026-04-11 22:13:58,SHIPPED,NORTH
O00167,C0416,2025-06-20 20:46:58,CANCELLED,EAST
O00168,C0335,2026-01-17 00:19:58,DELIVERED,WEST
O00169,C0118,2026-06-18 22:35:58,SHIPPED,WEST
O00170,C0353,2025-06-24 17:21:58,SHIPPED,NORTH
O00171,C0397,2026-04-23 21:39:58,CANCELLED,EAST
O00172,C0163,2026-07-17 01:32:58,PLACED,NORTH
O00173,C0228,2025-08-20 23:25:58,SHIPPED,EAST
O00174,C0164,2025-06-10 19:07:58,CANCELLED,WEST
O00175,C0174,2026-04-05 18:05:58,CANCELLED,NORTH
O00176,C0453,2025-07-28 18:25:58,SHIPPED,EAST
O00177,C0174,2026-03-10 06:40:58,DELIVERED,EAST
O00178,C0401,2026-07-20 01:19:58,CANCELLED,EAST
O00179,C0040,2026-01-01 01:40:58,RETURNED,SOUTH
O00180,,2025-08-23 03:39:58,CANCELLED,WEST
O00181,C0424,2026-05-24 14:00:58,DELIVERED,NORTH
O00182,C0223,2026-07-09 13:13:58,SHIPPED,NORTH
O00183,C0277,2026-04-23 11:14:58,DELIVERED,SOUTH
O00184,C0486,2026-05-14 19:41:58,SHIPPED,SOUTH
O00185,C0348,2026-05-08 01:48:58,DELIVERED,SOUTH
O00186,C0416,2026-04-26 02:24:58,PLACED,WEST
O00187,C0021,2026-05-29 20:16:58,RETURNED,EAST
O00188,C0061,2026-02-01 21:31:58,DELIVERED,SOUTH
O00189,C0010,2025-11-08 03:26:58,RETURNED,WEST
O00190,C0042,2025-10-15 04:03:58,SHIPPED,SOUTH
O00191,C0216,2026-01-26 06:01:58,CANCELLED,SOUTH
O00192,C0213,2025-11-07 23:34:58,SHIPPED,SOUTH
O00193,C0196,2025-07-10 01:53:58,CANCELLED,NORTH
O00194,C0367,2025-11-01 10:22:58,PLACED,EAST
O00195,C0010,2025-11-28 20:51:58,SHIPPED,WEST
O00196,C0228,2025-10-30 21:22:58,CANCELLED,NORTH
O00197,C0436,2025-11-05 03:12:58,DELIVERED,SOUTH
O00198,C0120,2025-05-16 23:41:58,DELIVERED,WEST
O00199,C0263,2025-11-02 18:05:58,DELIVERED,SOUTH
O00200,,,PLACED,SOUTH
O00201,C0368,2025-11-04 03:51:58,PLACED,SOUTH
O00202,C0247,2026-02-17 07:04:58,DELIVERED,SOUTH
O00203,C0237,2025-07-11 08:11:58,RETURNED,NORTH
O00204,C0220,2026-03-30 06:19:58,PLACED,NORTH
O00205,C0124,2025-09-29 07:02:58,RETURNED,EAST
O00206,C0301,2025-12-21 21:26:58,PLACED,SOUTH
O00207,C0322,2026-02-08 07:44:58,PLACED,NORTH
O00208,C0234,2025-10-03 22:03:58,RETURNED,SOUTH
O00209,C0012,2025-11-12 16:41:58,SHIPPED,SOUTH
O00210,C0418,2025-08-10 06:23:58,RETURNED,WEST
O00211,C0350,2025-05-27 23:15:58,SHIPPED,WEST
O00212,C0145,2025-09-18 18:21:58,RETURNED,WEST
O00213,C0266,2025-09-16 19:25:58,DELIVERED,NORTH
O00214,C0176,2026-06-16 19:15:58,DELIVERED,WEST
O00215,C0444,2026-04-04 03:18:58,PLACED,EAST
O00216,C0069,2025-12-22 13:17:58,CANCELLED,NORTH
O00217,C0493,2025-10-07 16:16:58,PLACED,SOUTH
O00218,C0416,2026-01-17 11:54:58,RETURNED,WEST
O00219,C0145,2026-02-20 13:35:58,PLACED,EAST
O00220,,2025-12-23 03:25:58,PLACED,EAST
O00221,C0359,2026-06-14 14:37:58,DELIVERED,SOUTH
O00222,C0261,2026-07-04 09:54:58,RETURNED,EAST
O00223,C0312,2025-06-10 00:25:58,SHIPPED,WEST
O00224,C0140,2026-07-29 16:05:58,PLACED,EAST
O00225,C0089,2026-06-04 22:54:58,CANCELLED,NORTH
O00226,C0402,2025-09-01 13:10:58,DELIVERED,SOUTH
O00227,C0332,2025-10-12 07:13:58,PLACED,NORTH
O00228,C0004,2025-11-06 10:35:58,RETURNED,WEST
O00229,C0261,2026-02-21 10:50:58,PLACED,WEST
O00230,C0338,2026-02-06 16:31:58,RETURNED,EAST
O00231,C0363,2026-07-24 08:46:58,PLACED,WEST
O00232,C0499,2025-08-16 12:52:58,SHIPPED,WEST
O00233,C0292,2025-10-10 22:05:58,PLACED,SOUTH
O00234,C0165,2026-01-09 17:36:58,RETURNED,EAST
O00235,C0435,2026-05-05 02:03:58,DELIVERED,WEST
O00236,C0151,2026-03-11 18:45:58,DELIVERED,NORTH
O00237,C0112,2026-07-23 20:39:58,PLACED,SOUTH
O00238,C0246,2026-07-18 17:45:58,CANCELLED,WEST
O00239,C0010,2025-10-25 21:39:58,SHIPPED,WEST
O00240,,2025-08-17 00:14:58,SHIPPED,NORTH
O00241,C0067,2025-07-06 18:51:58,CANCELLED,NORTH
O00242,C0116,2025-05-28 18:39:58,PLACED,WEST
O00243,C0092,2026-07-27 03:51:58,DELIVERED,SOUTH
O00244,C0265,2026-07-01 20:16:58,PLACED,NORTH
O00245,C0015,2025-08-05 04:36:58,CANCELLED,SOUTH
O00246,C0147,2025-07-14 03:04:58,DELIVERED,NORTH
O00247,C0315,2025-05-21 17:17:58,RETURNED,EAST
O00248,C0394,2026-02-21 04:07:58,PLACED,WEST
O00249,C0318,2025-10-03 16:52:58,SHIPPED,SOUTH
O00250,C0289,2025-07-19 05:48:58,CANCELLED,NORTH
O00251,C0397,2025-11-30 09:11:58,DELIVERED,NORTH
O00252,C0232,2025-11-18 03:24:58,SHIPPED,NORTH
O00253,C0117,2025-10-09 10:03:58,CANCELLED,SOUTH
O00254,C0447,2026-01-08 00:03:58,SHIPPED,SOUTH
O00255,C0302,2025-06-10 09:29:58,CANCELLED,WEST
O00256,C0448,2025-09-01 14:18:58,PLACED,WEST
O00257,C0100,2026-05-03 17:37:58,PLACED,EAST
O00258,C0170,2026-07-18 20:03:58,PLACED,SOUTH
O00259,C0491,2025-09-25 21:49:58,DELIVERED,NORTH
O00260,,2025-07-05 00:26:58,CANCELLED,EAST
O00261,C0047,2026-02-16 18:06:58,PLACED,EAST
O00262,C0303,2025-11-15 05:42:58,PLACED,WEST
O00263,C0278,2026-01-24 12:08:58,SHIPPED,EAST
O00264,C0439,2026-02-15 20:50:58,RETURNED,WEST
O00265,C0323,2026-04-12 03:34:58,RETURNED,EAST
O00266,C0292,2026-04-27 08:21:58,CANCELLED,SOUTH
O00267,C0140,2025-10-05 21:17:58,SHIPPED,WEST
O00268,C0249,2026-05-30 19:46:58,PLACED,EAST
O00269,C0264,2025-11-09 21:11:58,DELIVERED,NORTH
O00270,C0407,2025-12-11 15:18:58,RETURNED,WEST
O00271,C0460,2026-04-03 04:49:58,RETURNED,EAST
O00272,C0152,2025-10-20 00:33:58,DELIVERED,WEST
O00273,C0358,2026-03-03 19:15:58,CANCELLED,SOUTH
O00274,C0156,2026-02-18 03:57:58,CANCELLED,EAST
O00275,C0259,2025-09-30 17:42:58,SHIPPED,SOUTH
O00276,C0120,2026-02-01 03:50:58,DELIVERED,EAST
O00277,C0109,2025-07-05 05:29:58,CANCELLED,EAST
O00278,C0105,2026-04-02 09:59:58,DELIVERED,WEST
O00279,C0418,2025-09-25 05:19:58,CANCELLED,SOUTH
O00280,,2025-12-10 14:23:58,PLACED,NORTH
O00281,C0162,2026-01-25 18:57:58,DELIVERED,EAST
O00282,C0453,2025-08-04 07:23:58,PLACED,EAST
O00283,C0177,2025-11-10 19:17:58,DELIVERED,SOUTH
O00284,C0371,2025-11-24 21:29:58,CANCELLED,NORTH
O00285,C0093,2026-04-23 13:28:58,DELIVERED,NORTH
O00286,C0298,2025-05-15 23:11:58,CANCELLED,EAST
O00287,C0244,2026-07-07 12:16:58,CANCELLED,SOUTH
O00288,C0332,2025-06-14 12:45:58,RETURNED,WEST
O00289,C0135,2026-05-06 09:26:58,DELIVERED,EAST
O00290,C0412,2025-10-27 11:26:58,SHIPPED,WEST
O00291,C0196,2026-07-20 22:59:58,SHIPPED,EAST
O00292,C0020,2025-11-07 12:01:58,DELIVERED,SOUTH
O00293,C0227,2025-08-02 13:07:58,DELIVERED,SOUTH
O00294,C0314,2025-06-19 06:51:58,SHIPPED,WEST
O00295,C0438,2025-08-18 07:07:58,PLACED,NORTH
O00296,C0382,2025-12-13 22:26:58,CANCELLED,WEST
O00297,C0435,2026-05-23 23:12:58,CANCELLED,SOUTH
O00298,C0351,2026-05-28 23:01:58,PLACED,NORTH
O00299,C0054,2026-02-01 00:54:58,CANCELLED,WEST
O00300,,,CANCELLED,EAST
O00301,C0108,2025-07-12 02:11:58,SHIPPED,WEST
O00302,C0283,2026-01-07 16:41:58,SHIPPED,SOUTH
O00303,C0009,2025-07-10 19:35:58,SHIPPED,WEST
O00304,C0032,2026-04-09 15:10:58,SHIPPED,NORTH
O00305,C0288,2026-06-03 11:52:58,DELIVERED,SOUTH
O00306,C0207,2026-05-06 06:36:58,SHIPPED,WEST
O00307,C0280,2025-07-01 19:37:58,DELIVERED,EAST
O00308,C0041,2026-05-17 18:59:58,PLACED,EAST
O00309,C0161,2026-04-09 19:08:58,RETURNED,EAST
O00310,C0190,2026-02-07 02:10:58,PLACED,SOUTH
O00311,C0491,2025-12-19 01:21:58,RETURNED,SOUTH
O00312,C0378,2026-05-20 04:51:58,DELIVERED,WEST
O00313,C0040,2026-04-26 08:55:58,RETURNED,WEST
O00314,C0372,2025-12-26 16:18:58,PLACED,SOUTH
O00315,C0268,2026-03-22 06:05:58,RETURNED,NORTH
O00316,C0128,2026-03-07 01:13:58,CANCELLED,WEST
O00317,C0224,2026-01-16 12:31:58,PLACED,WEST
O00318,C0006,2025-11-06 19:45:58,SHIPPED,EAST
O00319,C0027,2025-10-22 17:42:58,PLACED,NORTH
O00320,,2026-01-14 05:39:58,DELIVERED,EAST
O00321,C0120,2025-11-28 17:20:58,CANCELLED,WEST
O00322,C0500,2025-08-27 16:12:58,DELIVERED,SOUTH
O00323,C0367,2026-03-28 16:01:58,CANCELLED,NORTH
O00324,C0272,2025-07-13 00:10:58,SHIPPED,SOUTH
O00325,C0233,2025-10-23 21:58:58,RETURNED,SOUTH
O00326,C0369,2026-07-05 03:00:58,RETURNED,WEST
O00327,C0174,2026-06-15 18:51:58,CANCELLED,EAST
O00328,C0239,2026-03-24 03:35:58,RETURNED,NORTH
O00329,C0327,2025-10-01 18:54:58,PLACED,NORTH
O00330,C0064,2025-12-25 20:49:58,RETURNED,NORTH
O00331,C0173,2025-05-21 05:52:58,PLACED,NORTH
O00332,C0500,2026-03-05 23:59:58,SHIPPED,NORTH
O00333,C0388,2025-07-22 22:04:58,CANCELLED,EAST
O00334,C0272,2026-03-15 14:17:58,SHIPPED,WEST
O00335,C0261,2026-02-14 12:00:58,PLACED,SOUTH
O00336,C0114,2025-12-10 15:29:58,CANCELLED,NORTH
O00337,C0437,2026-02-06 13:14:58,DELIVERED,SOUTH
O00338,C0053,2025-07-08 23:31:58,CANCELLED,NORTH
O00339,C0294,2025-12-14 23:41:58,SHIPPED,WEST
O00340,,2025-12-29 21:27:58,DELIVERED,SOUTH
O00341,C0335,2026-03-22 15:12:58,DELIVERED,NORTH
O00342,C0306,2026-01-08 23:16:58,DELIVERED,EAST
O00343,C0259,2025-07-23 04:19:58,DELIVERED,WEST
O00344,C0447,2025-06-30 02:49:58,SHIPPED,NORTH
O00345,C0055,2025-07-14 20:39:58,DELIVERED,NORTH
O00346,C0470,2025-08-08 01:45:58,SHIPPED,WEST
O00347,C0238,2026-02-08 14:18:58,PLACED,EAST
O00348,C0094,2026-05-24 19:44:58,DELIVERED,SOUTH
O00349,C0434,2025-10-23 07:20:58,SHIPPED,NORTH
O00350,C0073,2026-04-04 01:24:58,PLACED,WEST
O00351,C0204,2025-10-30 03:04:58,PLACED,EAST
O00352,C0436,2026-04-07 11:43:58,DELIVERED,EAST
O00353,C0223,2025-06-23 09:46:58,PLACED,NORTH
O00354,C0351,2025-11-26 21:44:58,RETURNED,EAST
O00355,C0373,2026-07-25 02:13:58,DELIVERED,WEST
O00356,C0416,2026-01-12 09:56:58,CANCELLED,EAST
O00357,C0403,2026-03-05 19:30:58,PLACED,SOUTH
O00358,C0038,2025-12-31 13:56:58,RETURNED,WEST
O00359,C0389,2026-02-06 00:36:58,RETURNED,NORTH
O00360,,2026-06-20 06:22:58,RETURNED,NORTH
O00361,C0436,2025-09-10 08:35:58,CANCELLED,EAST
O00362,C0471,2026-07-27 21:40:58,SHIPPED,WEST
O00363,C0325,2025-11-11 13:09:58,RETURNED,EAST
O00364,C0052,2026-06-04 22:55:58,DELIVERED,EAST
O00365,C0371,2025-06-24 04:06:58,PLACED,WEST
O00366,C0336,2026-03-09 13:51:58,RETURNED,SOUTH
O00367,C0141,2026-05-01 08:51:58,RETURNED,WEST
O00368,C0388,2026-05-18 12:24:58,CANCELLED,WEST
O00369,C0400,2025-10-27 20:27:58,SHIPPED,WEST
O00370,C0354,2025-11-13 09:11:58,DELIVERED,EAST
O00371,C0409,2026-08-02 16:01:58,CANCELLED,EAST
O00372,C0247,2026-04-06 03:46:58,DELIVERED,NORTH
O00373,C0475,2026-03-29 06:04:58,PLACED,WEST
O00374,C0458,2026-06-30 15:53:58,PLACED,NORTH
O00375,C0446,2026-04-27 17:05:58,CANCELLED,NORTH
O00376,C0257,2025-06-28 23:39:58,DELIVERED,WEST
O00377,C0185,2025-05-26 19:22:58,CANCELLED,WEST
O00378,C0271,2025-11-27 16:20:58,CANCELLED,NORTH
O00379,C0469,2026-01-07 04:44:58,PLACED,WEST
O00380,,2025-07-24 21:50:58,RETURNED,WEST
O00381,C0161,2026-05-18 06:47:58,RETURNED,NORTH
O00382,C0436,2026-01-08 19:02:58,PLACED,EAST
O00383,C0485,2025-07-31 20:03:58,DELIVERED,SOUTH
O00384,C0451,2026-05-18 08:16:58,PLACED,NORTH
O00385,C0204,2026-02-26 10:45:58,CANCELLED,EAST
O00386,C0200,2026-06-10 22:24:58,DELIVERED,WEST
O00387,C0061,2025-10-16 15:56:58,DELIVERED,SOUTH
O00388,C0473,2025-09-25 08:44:58,RETURNED,WEST
O00389,C0060,2025-05-16 19:54:58,DELIVERED,WEST
O00390,C0337,2025-07-23 13:04:58,DELIVERED,WEST
O00391,C0284,2026-01-25 17:27:58,SHIPPED,WEST
O00392,C0323,2026-06-22 09:41:58,CANCELLED,SOUTH
O00393,C0348,2025-12-18 15:35:58,SHIPPED,WEST
O00394,C0464,2025-06-16 19:35:58,RETURNED,WEST
O00395,C0462,2025-08-08 19:23:58,RETURNED,NORTH
O00396,C0399,2026-02-09 11:47:58,DELIVERED,SOUTH
O00397,C0393,2025-10-22 18:32:58,DELIVERED,SOUTH
O00398,C0199,2026-03-20 07:11:58,RETURNED,SOUTH
O00399,C0493,2026-07-16 06:05:58,RETURNED,NORTH
O00400,,,PLACED,EAST
O00401,C0168,2025-08-09 20:17:58,PLACED,NORTH
O00402,C0002,2026-07-12 11:51:58,RETURNED,WEST
O00403,C0300,2025-12-29 15:23:58,SHIPPED,NORTH
O00404,C0017,2026-02-09 11:32:58,SHIPPED,WEST
O00405,C0339,2026-05-24 19:30:58,DELIVERED,NORTH
O00406,C0160,2026-06-07 23:39:58,CANCELLED,WEST
O00407,C0248,2025-10-04 15:45:58,SHIPPED,NORTH
O00408,C0321,2025-07-11 08:25:58,PLACED,EAST
O00409,C0370,2025-07-30 03:23:58,DELIVERED,NORTH
O00410,C0153,2025-08-26 01:37:58,DELIVERED,WEST
O00411,C0363,2026-02-24 16:54:58,RETURNED,EAST
O00412,C0497,2026-02-22 20:08:58,CANCELLED,NORTH
O00413,C0202,2025-11-13 09:35:58,SHIPPED,SOUTH
O00414,C0262,2026-02-09 18:27:58,SHIPPED,EAST
O00415,C0430,2026-05-25 19:03:58,SHIPPED,NORTH
O00416,C0424,2025-09-04 00:28:58,CANCELLED,WEST
O00417,C0470,2026-01-07 18:27:58,CANCELLED,EAST
O00418,C0135,2025-09-25 07:55:58,PLACED,WEST
O00419,C0410,2025-11-19 22:10:58,PLACED,EAST
O00420,,2025-12-11 15:52:58,DELIVERED,EAST
O00421,C0295,2025-12-14 03:27:58,CANCELLED,WEST
O00422,C0045,2026-08-06 17:34:58,SHIPPED,NORTH
O00423,C0240,2026-02-06 15:01:58,DELIVERED,EAST
O00424,C0037,2025-09-13 14:23:58,RETURNED,NORTH
O00425,C0166,2025-10-18 03:18:58,RETURNED,WEST
O00426,C0087,2026-06-05 12:25:58,CANCELLED,EAST
O00427,C0259,2025-08-31 15:05:58,CANCELLED,EAST
O00428,C0361,2026-07-17 19:29:58,SHIPPED,WEST
O00429,C0333,2025-05-27 18:48:58,SHIPPED,SOUTH
O00430,C0132,2026-04-11 20:32:58,CANCELLED,WEST
O00431,C0494,2026-04-06 12:09:58,RETURNED,EAST
O00432,C0326,2026-04-03 00:12:58,RETURNED,SOUTH
O00433,C0152,2025-06-29 22:11:58,DELIVERED,NORTH
O00434,C0022,2026-04-09 04:47:58,DELIVERED,EAST
O00435,C0247,2026-02-26 15:38:58,RETURNED,NORTH
O00436,C0229,2026-01-19 02:53:58,CANCELLED,SOUTH
O00437,C0134,2025-11-23 23:20:58,PLACED,EAST
O00438,C0276,2026-06-04 08:09:58,DELIVERED,WEST
O00439,C0256,2026-06-27 08:28:58,PLACED,WEST
O00440,,2026-07-19 05:27:58,RETURNED,NORTH
O00441,C0288,2025-07-16 20:03:58,RETURNED,NORTH
O00442,C0094,2026-07-03 00:43:58,RETURNED,SOUTH
O00443,C0018,2026-06-25 18:49:58,CANCELLED,SOUTH
O00444,C0219,2025-06-25 17:35:58,DELIVERED,EAST
O00445,C0150,2025-05-16 16:04:58,PLACED,NORTH
O00446,C0494,2025-07-05 12:43:58,RETURNED,WEST
O00447,C0112,2025-08-05 18:51:58,RETURNED,EAST
O00448,C0441,2025-07-04 00:41:58,SHIPPED,SOUTH
O00449,C0178,2026-01-25 17:57:58,DELIVERED,WEST
O00450,C0410,2025-05-16 16:29:58,CANCELLED,EAST
O00451,C0092,2026-07-29 12:07:58,SHIPPED,NORTH
O00452,C0339,2026-07-01 14:13:58,DELIVERED,SOUTH
O00453,C0293,2025-07-23 07:43:58,RETURNED,NORTH
O00454,C0485,2025-10-23 17:12:58,PLACED,NORTH
O00455,C0340,2026-03-29 10:51:58,RETURNED,WEST
O00456,C0152,2026-05-16 01:53:58,SHIPPED,EAST
O00457,C0161,2025-05-21 14:16:58,DELIVERED,SOUTH
O00458,C0003,2026-03-16 21:37:58,DELIVERED,WEST
O00459,C0149,2026-01-14 12:06:58,CANCELLED,EAST
O00460,,2026-03-17 05:01:58,CANCELLED,NORTH
O00461,C0179,2025-07-05 05:08:58,RETURNED,NORTH
O00462,C0439,2026-02-21 18:50:58,CANCELLED,WEST
O00463,C0292,2026-01-10 23:58:58,PLACED,WEST
O00464,C0131,2025-05-23 15:55:58,CANCELLED,SOUTH
O00465,C0394,2025-09-15 02:30:58,CANCELLED,NORTH
O00466,C0292,2025-12-07 22:32:58,CANCELLED,SOUTH
O00467,C0093,2025-12-28 09:38:58,DELIVERED,EAST
O00468,C0358,2026-08-08 05:45:58,SHIPPED,NORTH
O00469,C0042,2026-05-07 09:18:58,SHIPPED,EAST
O00470,C0155,2025-07-22 00:06:58,RETURNED,SOUTH
O00471,C0435,2025-10-06 23:12:58,SHIPPED,NORTH
O00472,C0401,2025-06-20 06:16:58,DELIVERED,SOUTH
O00473,C0226,2026-01-23 06:40:58,CANCELLED,SOUTH
O00474,C0261,2026-03-26 18:19:58,SHIPPED,SOUTH
O00475,C0139,2026-07-31 04:39:58,CANCELLED,EAST
O00476,C0007,2026-02-04 03:43:58,RETURNED,EAST
O00477,C0009,2025-10-07 01:10:58,PLACED,EAST
O00478,C0007,2025-08-27 06:58:58,RETURNED,NORTH
O00479,C0472,2026-05-04 04:48:58,SHIPPED,NORTH
O00480,,2026-04-29 17:41:58,CANCELLED,SOUTH
O00481,C0158,2026-06-28 16:53:58,PLACED,EAST
O00482,C0415,2026-02-03 02:38:58,CANCELLED,EAST
O00483,C0317,2025-06-14 19:10:58,RETURNED,WEST
O00484,C0103,2026-07-26 13:53:58,PLACED,SOUTH
O00485,C0485,2025-05-21 07:00:58,CANCELLED,SOUTH
O00486,C0393,2025-10-01 22:47:58,CANCELLED,EAST
O00487,C0094,2026-03-30 22:14:58,SHIPPED,NORTH
O00488,C0032,2025-08-16 17:23:58,DELIVERED,WEST
O00489,C0092,2026-04-10 16:08:58,SHIPPED,WEST
O00490,C0063,2025-12-02 09:44:58,CANCELLED,NORTH
O00491,C0353,2025-08-12 21:33:58,DELIVERED,WEST
O00492,C0021,2026-04-04 04:57:58,DELIVERED,EAST
O00493,C0351,2025-07-12 05:04:58,PLACED,SOUTH
O00494,C0162,2025-06-12 11:42:58,RETURNED,WEST
O00495,C0404,2025-07-31 08:33:58,RETURNED,WEST
O00496,C0092,2026-02-25 07:19:58,DELIVERED,WEST
O00497,C0092,2025-10-26 11:14:58,SHIPPED,EAST
O00498,C0355,2025-06-02 19:05:58,PLACED,WEST
O00499,C0072,2026-04-13 12:11:58,CANCELLED,SOUTH
O00500,,,RETURNED,NORTH
O00501,C0361,2025-10-21 17:15:58,CANCELLED,WEST
O00502,C0461,2025-08-25 16:20:58,SHIPPED,WEST
O00503,C0101,2025-11-21 12:43:58,SHIPPED,WEST
O00504,C0341,2025-10-26 04:49:58,RETURNED,SOUTH
O00505,C0469,2026-06-10 20:39:58,DELIVERED,SOUTH
O00506,C0145,2026-03-29 01:18:58,DELIVERED,SOUTH
O00507,C0315,2026-01-28 17:45:58,DELIVERED,WEST
O00508,C0189,2025-08-03 13:49:58,CANCELLED,WEST
O00509,C0133,2026-05-18 07:38:58,DELIVERED,EAST
O00510,C0210,2025-06-30 15:20:58,RETURNED,WEST
O00511,C0121,2025-07-14 09:55:58,CANCELLED,EAST
O00512,C0165,2025-11-27 01:41:58,DELIVERED,NORTH
O00513,C0299,2025-07-03 14:20:58,CANCELLED,EAST
O00514,C0366,2025-09-24 15:47:58,CANCELLED,NORTH
O00515,C0315,2026-06-06 08:14:58,DELIVERED,SOUTH
O00516,C0364,2025-05-26 02:08:58,CANCELLED,EAST
O00517,C0006,2025-05-26 10:58:58,PLACED,EAST
O00518,C0002,2025-11-15 11:54:58,DELIVERED,NORTH
O00519,C0440,2025-05-19 16:01:58,SHIPPED,NORTH
O00520,,2025-07-04 05:04:58,SHIPPED,SOUTH
O00521,C0144,2025-10-27 03:43:58,SHIPPED,NORTH
O00522,C0443,2025-10-21 03:52:58,DELIVERED,WEST
O00523,C0453,2025-11-20 17:34:58,CANCELLED,WEST
O00524,C0420,2025-08-12 23:46:58,DELIVERED,WEST
O00525,C0419,2025-10-08 15:47:58,DELIVERED,EAST
O00526,C0283,2025-12-13 19:05:58,SHIPPED,SOUTH
O00527,C0163,2025-12-11 03:26:58,PLACED,SOUTH
O00528,C0344,2025-08-09 01:58:58,SHIPPED,WEST
O00529,C0051,2026-04-23 15:21:58,CANCELLED,WEST
O00530,C0366,2026-02-08 10:57:58,PLACED,EAST
O00531,C0491,2025-05-15 20:45:58,SHIPPED,EAST
O00532,C0444,2025-09-13 07:19:58,RETURNED,EAST
O00533,C0174,2025-09-07 01:39:58,CANCELLED,EAST
O00534,C0426,2025-12-04 20:40:58,RETURNED,WEST
O00535,C0314,2025-05-22 05:43:58,SHIPPED,EAST
O00536,C0124,2025-07-13 21:02:58,CANCELLED,NORTH
O00537,C0022,2025-11-24 04:30:58,PLACED,EAST
O00538,C0439,2025-06-17 11:21:58,PLACED,NORTH
O00539,C0463,2025-07-13 15:40:58,PLACED,EAST
O00540,,2025-12-31 19:32:58,PLACED,NORTH
O00541,C0265,2025-06-08 02:50:58,RETURNED,NORTH
O00542,C0114,2026-02-20 04:02:58,CANCELLED,NORTH
O00543,C0135,2025-09-09 19:57:58,CANCELLED,SOUTH
O00544,C0126,2026-07-07 06:05:58,CANCELLED,NORTH
O00545,C0388,2026-06-13 11:11:58,PLACED,NORTH
O00546,C0364,2026-01-30 03:21:58,SHIPPED,EAST
O00547,C0472,2025-06-21 08:16:58,RETURNED,WEST
O00548,C0237,2026-08-06 10:20:58,PLACED,EAST
O00549,C0046,2026-05-19 05:26:58,PLACED,WEST
O00550,C0091,2025-07-29 15:25:58,RETURNED,SOUTH
O00551,C0496,2025-12-31 09:24:58,PLACED,EAST
O00552,C0439,2026-05-30 23:18:58,CANCELLED,WEST
O00553,C0379,2025-09-05 09:31:58,PLACED,NORTH
O00554,C0216,2025-12-05 17:39:58,SHIPPED,EAST
O00555,C0021,2025-08-07 00:40:58,SHIPPED,NORTH
O00556,C0099,2026-07-11 19:12:58,SHIPPED,SOUTH
O00557,C0167,2025-10-19 03:40:58,SHIPPED,NORTH
O00558,C0412,2025-09-08 15:14:58,PLACED,EAST
O00559,C0246,2026-04-08 03:48:58,CANCELLED,SOUTH
O00560,,2025-07-10 09:37:58,RETURNED,NORTH
O00561,C0258,2025-12-23 19:56:58,DELIVERED,WEST
O00562,C0451,2026-07-04 21:13:58,RETURNED,SOUTH
O00563,C0223,2025-08-23 16:58:58,CANCELLED,SOUTH
O00564,C0474,2026-02-22 00:29:58,SHIPPED,EAST
O00565,C0266,2026-07-10 13:42:58,RETURNED,NORTH
O00566,C0222,2026-01-29 17:16:58,DELIVERED,WEST
O00567,C0465,2025-06-05 04:39:58,RETURNED,WEST
O00568,C0295,2026-02-17 17:34:58,PLACED,NORTH
O00569,C0063,2026-02-28 04:49:58,DELIVERED,WEST
O00570,C0021,2025-10-31 16:04:58,CANCELLED,WEST
O00571,C0076,2025-06-23 07:47:58,CANCELLED,NORTH
O00572,C0435,2025-05-18 01:45:58,CANCELLED,WEST
O00573,C0350,2026-07-11 23:04:58,SHIPPED,WEST
O00574,C0182,2026-01-01 08:39:58,RETURNED,WEST
O00575,C0182,2025-11-25 18:13:58,CANCELLED,NORTH
O00576,C0285,2025-06-09 11:32:58,PLACED,WEST
O00577,C0433,2026-01-20 02:38:58,SHIPPED,SOUTH
O00578,C0040,2025-07-05 00:41:58,CANCELLED,NORTH
O00579,C0047,2025-07-27 17:52:58,DELIVERED,SOUTH
O00580,,2026-01-20 16:13:58,PLACED,EAST
O00581,C0096,2025-08-11 23:00:58,PLACED,WEST
O00582,C0349,2026-06-30 09:48:58,CANCELLED,SOUTH
O00583,C0196,2026-04-27 13:49:58,CANCELLED,SOUTH
O00584,C0105,2025-07-17 06:28:58,RETURNED,WEST
O00585,C0435,2025-07-01 08:08:58,DELIVERED,EAST
O00586,C0046,2026-02-16 10:09:58,CANCELLED,NORTH
O00587,C0350,2025-09-17 13:00:58,SHIPPED,WEST
O00588,C0166,2025-12-15 03:31:58,DELIVERED,NORTH
O00589,C0219,2026-01-01 09:51:58,PLACED,WEST
O00590,C0276,2026-03-25 12:43:58,SHIPPED,NORTH
O00591,C0031,2025-05-24 02:40:58,PLACED,NORTH
O00592,C0038,2025-05-30 07:40:58,DELIVERED,WEST
O00593,C0481,2026-03-09 00:56:58,DELIVERED,NORTH
O00594,C0082,2026-03-28 12:52:58,PLACED,WEST
O00595,C0453,2025-12-21 23:11:58,RETURNED,EAST
O00596,C0244,2025-06-07 11:29:58,PLACED,WEST
O00597,C0223,2025-06-09 18:15:58,DELIVERED,NORTH
O00598,C0109,2026-01-01 01:47:58,CANCELLED,SOUTH
O00599,C0488,2025-06-05 07:53:58,CANCELLED,WEST
O00600,,,CANCELLED,SOUTH
O00601,C0326,2026-07-26 07:26:58,DELIVERED,SOUTH
O00602,C0352,2026-04-03 16:31:58,CANCELLED,EAST
O00603,C0107,2025-07-10 01:53:58,PLACED,WEST
O00604,C0241,2026-06-04 14:27:58,RETURNED,NORTH
O00605,C0078,2025-08-19 15:04:58,PLACED,WEST
O00606,C0037,2025-11-19 08:00:58,DELIVERED,WEST
O00607,C0103,2026-07-22 02:49:58,CANCELLED,EAST
O00608,C0426,2026-02-11 21:22:58,SHIPPED,SOUTH
O00609,C0066,2026-01-19 07:21:58,SHIPPED,SOUTH
O00610,C0383,2025-10-11 02:01:58,CANCELLED,NORTH
O00611,C0326,2025-07-27 08:50:58,DELIVERED,WEST
O00612,C0128,2026-04-16 08:16:58,SHIPPED,WEST
O00613,C0088,2025-07-04 21:38:58,PLACED,EAST
O00614,C0486,2025-12-14 13:10:58,RETURNED,WEST
O00615,C0445,2026-07-20 11:23:58,RETURNED,EAST
O00616,C0227,2026-06-24 19:30:58,RETURNED,EAST
O00617,C0456,2026-02-24 22:56:58,DELIVERED,EAST
O00618,C0398,2025-07-31 06:17:58,RETURNED,WEST
O00619,C0274,2026-01-04 19:45:58,RETURNED,NORTH
O00620,,2026-08-02 15:01:58,CANCELLED,EAST
O00621,C0278,2026-05-14 03:48:58,PLACED,SOUTH
O00622,C0262,2025-11-08 17:00:58,SHIPPED,EAST
O00623,C0192,2025-08-02 05:32:58,RETURNED,EAST
O00624,C0455,2026-06-08 14:04:58,CANCELLED,WEST
O00625,C0105,2026-02-05 07:31:58,SHIPPED,NORTH
O00626,C0350,2026-06-25 12:56:58,CANCELLED,WEST
O00627,C0112,2026-01-27 23:54:58,CANCELLED,SOUTH
O00628,C0056,2026-01-20 01:00:58,PLACED,EAST
O00629,C0315,2025-12-27 07:49:58,DELIVERED,SOUTH
O00630,C0442,2026-03-15 15:37:58,DELIVERED,EAST
O00631,C0051,2025-12-03 20:39:58,SHIPPED,NORTH
O00632,C0387,2025-11-03 07:29:58,RETURNED,NORTH
O00633,C0456,2026-01-13 19:20:58,SHIPPED,NORTH
O00634,C0041,2025-08-14 10:09:58,PLACED,SOUTH
O00635,C0494,2026-01-24 05:17:58,RETURNED,NORTH
O00636,C0270,2025-08-31 09:51:58,DELIVERED,EAST
O00637,C0098,2025-08-03 07:49:58,DELIVERED,EAST
O00638,C0445,2025-06-28 21:06:58,SHIPPED,EAST
O00639,C0226,2025-08-01 08:41:58,RETURNED,NORTH
O00640,,2026-01-02 17:53:58,CANCELLED,SOUTH
O00641,C0134,2025-05-30 20:07:58,RETURNED,WEST
O00642,C0354,2026-03-03 03:35:58,CANCELLED,EAST
O00643,C0267,2025-07-29 22:27:58,SHIPPED,EAST
O00644,C0107,2025-07-20 23:03:58,DELIVERED,EAST
O00645,C0274,2026-03-31 09:15:58,CANCELLED,NORTH
O00646,C0429,2025-11-08 01:49:58,RETURNED,EAST
O00647,C0048,2025-09-12 01:12:58,SHIPPED,SOUTH
O00648,C0211,2026-07-29 05:59:58,CANCELLED,EAST
O00649,C0133,2025-07-19 13:49:58,RETURNED,NORTH
O00650,C0242,2026-07-15 19:11:58,SHIPPED,SOUTH
O00651,C0381,2025-06-28 16:50:58,DELIVERED,EAST
O00652,C0217,2026-02-28 21:07:58,RETURNED,WEST
O00653,C0031,2026-07-29 19:22:58,RETURNED,WEST
O00654,C0399,2025-12-08 14:38:58,PLACED,EAST
O00655,C0435,2025-11-04 10:41:58,CANCELLED,SOUTH
O00656,C0162,2025-10-28 06:35:58,SHIPPED,WEST
O00657,C0361,2025-05-19 17:12:58,CANCELLED,EAST
O00658,C0070,2025-07-25 17:33:58,PLACED,WEST
O00659,C0206,2025-08-09 08:11:58,CANCELLED,EAST
O00660,,2025-10-03 20:36:58,CANCELLED,SOUTH
O00661,C0021,2025-10-09 05:45:58,SHIPPED,SOUTH
O00662,C0003,2025-06-11 00:58:58,CANCELLED,WEST
O00663,C0409,2026-06-05 03:04:58,SHIPPED,WEST
O00664,C0300,2025-12-13 18:15:58,SHIPPED,SOUTH
O00665,C0389,2025-08-15 06:06:58,DELIVERED,NORTH
O00666,C0166,2026-04-20 19:12:58,PLACED,SOUTH
O00667,C0046,2026-07-09 03:09:58,RETURNED,SOUTH
O00668,C0338,2025-11-15 21:11:58,DELIVERED,WEST
O00669,C0224,2026-05-31 08:35:58,DELIVERED,NORTH
O00670,C0341,2026-03-01 23:10:58,RETURNED,NORTH
O00671,C0031,2025-09-25 00:59:58,PLACED,WEST
O00672,C0360,2025-09-15 10:20:58,CANCELLED,WEST
O00673,C0273,2025-06-21 18:05:58,PLACED,EAST
O00674,C0308,2025-07-16 17:42:58,DELIVERED,SOUTH
O00675,C0156,2025-12-07 23:18:58,SHIPPED,EAST
O00676,C0029,2025-08-24 18:18:58,DELIVERED,NORTH
O00677,C0284,2025-08-06 22:04:58,PLACED,SOUTH
O00678,C0441,2025-06-16 21:41:58,DELIVERED,EAST
O00679,C0450,2026-02-17 05:49:58,CANCELLED,WEST
O00680,,2026-01-16 21:53:58,CANCELLED,SOUTH
O00681,C0421,2026-07-02 21:18:58,DELIVERED,WEST
O00682,C0076,2026-01-25 23:11:58,CANCELLED,SOUTH
O00683,C0194,2025-06-06 10:45:58,DELIVERED,NORTH
O00684,C0184,2025-05-29 17:05:58,DELIVERED,SOUTH
O00685,C0223,2025-08-21 06:00:58,PLACED,SOUTH
O00686,C0067,2025-10-27 08:54:58,DELIVERED,WEST
O00687,C0108,2026-01-28 11:01:58,SHIPPED,NORTH
O00688,C0439,2025-09-08 17:53:58,RETURNED,SOUTH
O00689,C0025,2025-11-02 15:45:58,DELIVERED,WEST
O00690,C0223,2025-12-11 16:52:58,RETURNED,WEST
O00691,C0083,2026-05-04 19:33:58,DELIVERED,SOUTH
O00692,C0137,2025-08-04 23:57:58,CANCELLED,WEST
O00693,C0030,2026-08-04 21:38:58,PLACED,EAST
O00694,C0138,2026-03-16 21:30:58,DELIVERED,WEST
O00695,C0215,2025-11-16 01:42:58,SHIPPED,WEST
O00696,C0071,2026-02-14 01:04:58,SHIPPED,SOUTH
O00697,C0084,2026-03-04 16:08:58,CANCELLED,NORTH
O00698,C0338,2025-07-25 18:08:58,PLACED,NORTH
O00699,C0146,2026-03-29 11:57:58,SHIPPED,SOUTH
O00700,,,PLACED,SOUTH
O00701,C0282,2025-09-07 18:42:58,CANCELLED,WEST
O00702,C0332,2025-05-28 04:30:58,RETURNED,NORTH
O00703,C0442,2025-09-30 02:20:58,CANCELLED,WEST
O00704,C0459,2025-10-11 03:46:58,SHIPPED,SOUTH
O00705,C0484,2026-05-31 19:41:58,SHIPPED,SOUTH
O00706,C0421,2026-08-05 10:28:58,RETURNED,EAST
O00707,C0440,2026-04-10 17:47:58,RETURNED,NORTH
O00708,C0140,2025-12-23 03:48:58,CANCELLED,NORTH
O00709,C0137,2026-03-10 01:48:58,DELIVERED,NORTH
O00710,C0176,2026-07-14 03:44:58,RETURNED,NORTH
O00711,C0008,2026-03-21 02:23:58,PLACED,NORTH
O00712,C0157,2026-07-18 09:24:58,DELIVERED,SOUTH
O00713,C0166,2026-02-24 07:44:58,DELIVERED,SOUTH
O00714,C0311,2026-06-08 12:47:58,SHIPPED,EAST
O00715,C0108,2026-06-01 00:16:58,PLACED,SOUTH
O00716,C0295,2025-11-06 18:39:58,PLACED,WEST
O00717,C0203,2026-03-15 06:43:58,DELIVERED,SOUTH
O00718,C0111,2025-07-07 17:46:58,CANCELLED,NORTH
O00719,C0433,2025-07-15 22:08:58,SHIPPED,NORTH
O00720,,2025-12-15 07:27:58,SHIPPED,EAST
O00721,C0476,2026-01-30 22:19:58,DELIVERED,SOUTH
O00722,C0224,2026-03-20 17:44:58,CANCELLED,SOUTH
O00723,C0334,2025-11-09 08:35:58,PLACED,EAST
O00724,C0210,2026-02-13 21:44:58,RETURNED,EAST
O00725,C0047,2025-09-16 01:18:58,RETURNED,NORTH
O00726,C0363,2026-07-27 00:12:58,CANCELLED,NORTH
O00727,C0105,2026-01-05 15:36:58,DELIVERED,SOUTH
O00728,C0168,2026-05-21 11:41:58,RETURNED,SOUTH
O00729,C0396,2026-06-24 19:13:58,RETURNED,EAST
O00730,C0232,2025-10-29 16:01:58,CANCELLED,EAST
O00731,C0283,2026-07-19 09:16:58,PLACED,EAST
O00732,C0447,2026-05-14 10:30:58,CANCELLED,SOUTH
O00733,C0335,2025-07-18 22:07:58,CANCELLED,WEST
O00734,C0313,2025-09-13 02:24:58,PLACED,EAST
O00735,C0191,2025-11-23 11:14:58,DELIVERED,NORTH
O00736,C0363,2026-01-21 07:14:58,PLACED,NORTH
O00737,C0052,2025-05-29 19:25:58,DELIVERED,SOUTH
O00738,C0354,2026-07-14 14:46:58,PLACED,EAST
O00739,C0128,2025-10-12 15:33:58,PLACED,WEST
O00740,,2025-11-17 19:18:58,SHIPPED,SOUTH
O00741,C0123,2026-01-12 15:09:58,CANCELLED,SOUTH
O00742,C0146,2026-01-02 22:13:58,RETURNED,NORTH
O00743,C0084,2026-05-05 01:49:58,DELIVERED,WEST
O00744,C0216,2025-10-12 21:57:58,PLACED,SOUTH
O00745,C0403,2025-12-02 09:56:58,RETURNED,SOUTH
O00746,C0381,2026-06-12 01:13:58,PLACED,SOUTH
O00747,C0268,2026-04-03 07:17:58,RETURNED,NORTH
O00748,C0438,2026-01-25 03:27:58,SHIPPED,WEST
O00749,C0485,2026-06-08 11:29:58,PLACED,EAST
O00750,C0047,2026-06-13 01:11:58,RETURNED,NORTH
O00751,C0188,2026-06-05 12:11:58,CANCELLED,EAST
O00752,C0462,2026-03-16 20:39:58,SHIPPED,SOUTH
O00753,C0488,2026-02-23 02:24:58,RETURNED,NORTH
O00754,C0366,2025-06-14 05:14:58,DELIVERED,EAST
O00755,C0500,2025-06-26 20:06:58,PLACED,SOUTH
O00756,C0455,2025-12-11 01:57:58,DELIVERED,NORTH
O00757,C0174,2025-10-04 13:59:58,DELIVERED,SOUTH
O00758,C0153,2026-05-07 21:47:58,RETURNED,NORTH
O00759,C0218,2025-08-04 22:43:58,SHIPPED,NORTH
O00760,,2025-10-17 14:23:58,RETURNED,WEST
O00761,C0059,2025-09-29 06:02:58,CANCELLED,EAST
O00762,C0149,2025-08-02 11:43:58,RETURNED,WEST
O00763,C0392,2025-12-06 20:03:58,SHIPPED,SOUTH
O00764,C0305,2025-09-26 13:09:58,DELIVERED,EAST
O00765,C0280,2026-06-25 10:14:58,CANCELLED,WEST
O00766,C0161,2025-11-15 13:40:58,SHIPPED,EAST
O00767,C0033,2026-02-17 22:36:58,DELIVERED,EAST
O00768,C0053,2026-02-21 18:08:58,PLACED,SOUTH
O00769,C0265,2026-04-01 14:37:58,SHIPPED,SOUTH
O00770,C0202,2026-04-26 18:43:58,SHIPPED,WEST
O00771,C0253,2026-04-18 00:50:58,RETURNED,SOUTH
O00772,C0114,2025-12-01 08:37:58,RETURNED,SOUTH
O00773,C0360,2025-05-19 14:04:58,SHIPPED,EAST
O00774,C0388,2026-03-05 17:12:58,CANCELLED,SOUTH
O00775,C0085,2025-10-15 12:54:58,SHIPPED,SOUTH
O00776,C0059,2025-10-05 04:43:58,CANCELLED,SOUTH
O00777,C0284,2025-12-11 09:57:58,DELIVERED,EAST
O00778,C0378,2025-10-06 17:13:58,CANCELLED,EAST
O00779,C0413,2025-08-14 08:33:58,PLACED,SOUTH
O00780,,2026-01-31 05:18:58,RETURNED,WEST
O00781,C0307,2025-10-22 01:02:58,SHIPPED,WEST
O00782,C0408,2026-02-03 22:52:58,RETURNED,NORTH
O00783,C0263,2026-02-05 04:15:58,PLACED,WEST
O00784,C0213,2025-05-29 04:49:58,RETURNED,NORTH
O00785,C0073,2026-07-27 12:04:58,SHIPPED,SOUTH
O00786,C0307,2025-07-05 03:40:58,CANCELLED,NORTH
O00787,C0117,2026-01-26 16:47:58,PLACED,EAST
O00788,C0056,2026-01-18 09:09:58,DELIVERED,WEST
O00789,C0059,2025-10-30 16:37:58,SHIPPED,WEST
O00790,C0194,2026-05-03 21:07:58,DELIVERED,NORTH
O00791,C0230,2026-05-21 19:37:58,RETURNED,SOUTH
O00792,C0384,2025-09-09 19:27:58,RETURNED,SOUTH
O00793,C0013,2026-03-02 16:32:58,PLACED,SOUTH
O00794,C0254,2026-01-12 06:07:58,RETURNED,SOUTH
O00795,C0198,2026-04-04 08:16:58,RETURNED,NORTH
O00796,C0299,2025-12-21 11:24:58,DELIVERED,NORTH
O00797,C0246,2026-06-20 21:25:58,PLACED,NORTH
O00798,C0086,2026-03-22 07:45:58,DELIVERED,NORTH
O00799,C0456,2025-10-06 12:56:58,CANCELLED,SOUTH
O00800,,,PLACED,NORTH
O00801,C0213,2025-11-30 01:48:58,CANCELLED,SOUTH
O00802,C0066,2025-09-13 21:27:58,SHIPPED,WEST
O00803,C0023,2025-08-18 02:57:58,RETURNED,WEST
O00804,C0299,2026-01-02 06:48:58,PLACED,SOUTH
O00805,C0273,2026-02-01 10:29:58,PLACED,EAST
O00806,C0149,2026-04-17 16:07:58,RETURNED,EAST
O00807,C0027,2025-08-31 03:14:58,PLACED,WEST
O00808,C0032,2026-08-07 07:51:58,SHIPPED,NORTH
O00809,C0157,2025-08-08 00:39:58,CANCELLED,WEST
O00810,C0441,2025-08-24 03:58:58,DELIVERED,SOUTH
O00811,C0059,2025-07-16 01:48:58,RETURNED,EAST
O00812,C0132,2026-07-18 16:48:58,RETURNED,NORTH
O00813,C0461,2025-07-13 15:12:58,PLACED,SOUTH
O00814,C0018,2026-03-17 21:19:58,PLACED,EAST
O00815,C0071,2025-10-20 02:42:58,SHIPPED,NORTH
O00816,C0386,2025-07-31 15:14:58,RETURNED,EAST
O00817,C0484,2026-02-05 17:40:58,CANCELLED,WEST
O00818,C0300,2025-06-15 14:16:58,SHIPPED,SOUTH
O00819,C0153,2025-05-25 20:11:58,CANCELLED,SOUTH
O00820,,2026-07-11 04:38:58,RETURNED,EAST
O00821,C0365,2026-04-23 16:39:58,RETURNED,NORTH
O00822,C0151,2026-07-07 09:24:58,DELIVERED,EAST
O00823,C0287,2026-07-09 14:58:58,DELIVERED,SOUTH
O00824,C0242,2026-04-14 21:22:58,CANCELLED,WEST
O00825,C0480,2025-11-02 08:58:58,DELIVERED,EAST
O00826,C0388,2026-04-03 05:14:58,CANCELLED,NORTH
O00827,C0468,2025-07-26 23:33:58,PLACED,EAST
O00828,C0017,2025-07-14 19:30:58,DELIVERED,EAST
O00829,C0460,2025-06-18 06:52:58,PLACED,NORTH
O00830,C0014,2025-07-01 19:37:58,RETURNED,EAST
O00831,C0385,2026-07-22 02:47:58,RETURNED,NORTH
O00832,C0356,2026-07-11 00:30:58,RETURNED,EAST
O00833,C0316,2025-09-17 10:26:58,PLACED,EAST
O00834,C0315,2025-09-27 07:41:58,DELIVERED,WEST
O00835,C0464,2025-07-16 15:37:58,SHIPPED,NORTH
O00836,C0136,2026-05-24 04:08:58,SHIPPED,WEST
O00837,C0031,2025-08-05 05:23:58,DELIVERED,NORTH
O00838,C0433,2025-05-29 20:37:58,RETURNED,NORTH
O00839,C0288,2026-02-19 00:53:58,PLACED,WEST
O00840,,2026-08-03 00:58:58,CANCELLED,WEST
O00841,C0288,2026-03-20 21:45:58,RETURNED,WEST
O00842,C0202,2026-02-24 15:33:58,DELIVERED,EAST
O00843,C0255,2026-05-07 22:30:58,DELIVERED,EAST
O00844,C0044,2026-08-03 10:49:58,SHIPPED,EAST
O00845,C0145,2025-06-22 09:30:58,PLACED,WEST
O00846,C0438,2026-06-02 23:02:58,RETURNED,WEST
O00847,C0382,2025-12-18 21:23:58,PLACED,EAST
O00848,C0392,2025-07-24 18:21:58,CANCELLED,WEST
O00849,C0004,2025-05-30 18:00:58,PLACED,SOUTH
O00850,C0146,2025-07-14 02:05:58,SHIPPED,SOUTH
O00851,C0178,2025-12-18 17:09:58,PLACED,SOUTH
O00852,C0352,2026-08-07 08:55:58,PLACED,EAST
O00853,C0086,2025-10-09 21:29:58,PLACED,WEST
O00854,C0371,2025-05-28 20:47:58,CANCELLED,SOUTH
O00855,C0258,2026-06-06 13:50:58,PLACED,SOUTH
O00856,C0346,2026-02-08 21:32:58,RETURNED,SOUTH
O00857,C0274,2025-06-06 22:17:58,RETURNED,NORTH
O00858,C0403,2026-03-24 00:29:58,SHIPPED,NORTH
O00859,C0170,2025-10-31 00:37:58,SHIPPED,SOUTH
O00860,,2025-06-29 07:51:58,CANCELLED,WEST
O00861,C0140,2026-02-28 11:32:58,DELIVERED,WEST
O00862,C0318,2025-12-16 00:47:58,SHIPPED,NORTH
O00863,C0094,2025-06-26 08:28:58,CANCELLED,SOUTH
O00864,C0345,2025-05-16 03:28:58,CANCELLED,EAST
O00865,C0098,2026-01-26 11:04:58,SHIPPED,EAST
O00866,C0363,2025-12-28 23:25:58,RETURNED,SOUTH
O00867,C0041,2025-07-23 16:59:58,DELIVERED,SOUTH
O00868,C0374,2025-06-11 14:43:58,PLACED,WEST
O00869,C0142,2025-07-18 08:17:58,CANCELLED,WEST
O00870,C0291,2026-06-18 17:53:58,DELIVERED,EAST
O00871,C0384,2026-06-01 17:27:58,RETURNED,SOUTH
O00872,C0329,2026-01-15 16:52:58,PLACED,WEST
O00873,C0231,2026-04-24 20:40:58,PLACED,SOUTH
O00874,C0120,2025-06-20 16:26:58,CANCELLED,SOUTH
O00875,C0271,2026-06-30 18:42:58,DELIVERED,EAST
O00876,C0355,2025-11-29 19:01:58,DELIVERED,WEST
O00877,C0445,2025-12-21 14:39:58,RETURNED,WEST
O00878,C0035,2025-08-16 14:50:58,RETURNED,EAST
O00879,C0233,2025-09-28 15:30:58,RETURNED,NORTH
O00880,,2025-09-03 00:18:58,DELIVERED,SOUTH
O00881,C0169,2025-06-26 06:29:58,PLACED,EAST
O00882,C0299,2025-06-22 19:29:58,CANCELLED,NORTH
O00883,C0386,2026-05-29 13:00:58,PLACED,WEST
O00884,C0217,2025-06-26 15:08:58,PLACED,WEST
O00885,C0488,2026-04-23 00:23:58,DELIVERED,SOUTH
O00886,C0242,2026-02-27 10:00:58,CANCELLED,SOUTH
O00887,C0186,2025-08-25 01:49:58,PLACED,NORTH
O00888,C0229,2025-12-20 19:02:58,CANCELLED,SOUTH
O00889,C0045,2025-06-08 07:28:58,PLACED,SOUTH
O00890,C0330,2025-10-06 23:24:58,PLACED,NORTH
O00891,C0220,2025-08-30 12:48:58,RETURNED,SOUTH
O00892,C0230,2026-03-03 20:38:58,CANCELLED,NORTH
O00893,C0152,2025-07-19 18:12:58,CANCELLED,EAST
O00894,C0014,2026-03-14 11:39:58,CANCELLED,SOUTH
O00895,C0209,2025-08-15 20:10:58,RETURNED,SOUTH
O00896,C0025,2025-08-16 22:43:58,SHIPPED,SOUTH
O00897,C0115,2025-05-22 01:32:58,DELIVERED,EAST
O00898,C0378,2025-09-02 13:18:58,SHIPPED,NORTH
O00899,C0161,2025-11-12 22:57:58,RETURNED,EAST
O00900,,,DELIVERED,NORTH
O00901,C0444,2025-07-23 13:01:58,SHIPPED,EAST
O00902,C0495,2025-09-18 10:11:58,DELIVERED,NORTH
O00903,C0417,2025-09-28 09:46:58,DELIVERED,NORTH
O00904,C0256,2025-06-30 08:36:58,CANCELLED,NORTH
O00905,C0402,2025-06-10 23:47:58,DELIVERED,SOUTH
O00906,C0457,2025-05-27 06:48:58,PLACED,EAST
O00907,C0036,2026-05-10 05:03:58,RETURNED,EAST
O00908,C0340,2025-07-10 00:26:58,SHIPPED,NORTH
O00909,C0261,2025-08-18 23:44:58,PLACED,EAST
O00910,C0321,2026-04-28 10:50:58,PLACED,NORTH
O00911,C0103,2025-10-15 04:53:58,CANCELLED,SOUTH
O00912,C0124,2025-10-26 09:18:58,CANCELLED,NORTH
O00913,C0140,2025-05-21 13:49:58,DELIVERED,WEST
O00914,C0479,2026-07-14 00:16:58,PLACED,EAST
O00915,C0175,2025-09-04 04:45:58,DELIVERED,NORTH
O00916,C0162,2026-05-12 15:40:58,RETURNED,NORTH
O00917,C0479,2026-07-25 00:09:58,SHIPPED,SOUTH
O00918,C0065,2026-07-18 07:35:58,RETURNED,WEST
O00919,C0463,2025-05-31 01:17:58,DELIVERED,NORTH
O00920,,2025-07-15 02:06:58,SHIPPED,WEST
O00921,C0142,2026-01-15 09:44:58,PLACED,WEST
O00922,C0366,2025-05-28 22:51:58,DELIVERED,SOUTH
O00923,C0011,2026-01-02 20:10:58,SHIPPED,EAST
O00924,C0376,2025-06-06 00:47:58,CANCELLED,WEST
O00925,C0033,2026-06-11 09:58:58,SHIPPED,SOUTH
O00926,C0041,2026-03-18 12:58:58,RETURNED,SOUTH
O00927,C0216,2026-07-17 04:56:58,RETURNED,SOUTH
O00928,C0381,2026-08-03 02:47:58,DELIVERED,NORTH
O00929,C0406,2026-07-17 08:10:58,PLACED,NORTH
O00930,C0459,2026-04-17 13:26:58,DELIVERED,SOUTH
O00931,C0415,2025-12-11 18:25:58,DELIVERED,SOUTH
O00932,C0429,2025-10-16 21:01:58,RETURNED,WEST
O00933,C0182,2026-03-28 01:31:58,SHIPPED,EAST
O00934,C0421,2026-02-22 02:00:58,PLACED,SOUTH
O00935,C0476,2025-07-13 14:53:58,PLACED,EAST
O00936,C0334,2026-06-16 19:08:58,RETURNED,NORTH
O00937,C0035,2025-07-14 05:27:58,CANCELLED,SOUTH
O00938,C0153,2026-01-07 14:06:58,SHIPPED,EAST
O00939,C0165,2026-06-29 07:17:58,SHIPPED,EAST
O00940,,2026-01-05 18:12:58,DELIVERED,WEST
O00941,C0085,2026-05-24 22:00:58,SHIPPED,WEST
O00942,C0465,2026-07-30 18:57:58,RETURNED,SOUTH
O00943,C0387,2025-07-31 20:17:58,CANCELLED,NORTH
O00944,C0003,2026-04-17 05:44:58,CANCELLED,NORTH
O00945,C0349,2026-03-16 11:45:58,DELIVERED,WEST
O00946,C0306,2025-09-29 08:43:58,SHIPPED,EAST
O00947,C0463,2025-06-04 09:56:58,SHIPPED,EAST
O00948,C0170,2025-09-09 23:57:58,CANCELLED,NORTH
O00949,C0485,2025-09-14 01:16:58,DELIVERED,NORTH
O00950,C0200,2025-12-18 01:49:58,PLACED,WEST
O00951,C0447,2026-05-03 11:04:58,CANCELLED,EAST
O00952,C0237,2026-01-15 09:59:58,RETURNED,EAST
O00953,C0464,2026-01-10 12:46:58,SHIPPED,NORTH
O00954,C0488,2025-09-15 12:27:58,RETURNED,WEST
O00955,C0268,2026-05-22 01:47:58,RETURNED,WEST
O00956,C0295,2026-03-05 09:02:58,RETURNED,SOUTH
O00957,C0132,2025-08-31 11:12:58,SHIPPED,EAST
O00958,C0076,2025-11-30 16:59:58,PLACED,EAST
O00959,C0047,2025-06-14 04:10:58,SHIPPED,EAST
O00960,,2025-07-12 14:35:58,RETURNED,SOUTH
O00961,C0140,2025-09-09 09:30:58,SHIPPED,EAST
O00962,C0331,2025-08-19 16:18:58,PLACED,WEST
O00963,C0224,2025-10-04 14:08:58,CANCELLED,WEST
O00964,C0071,2026-08-06 08:36:58,DELIVERED,NORTH
O00965,C0190,2026-03-23 17:23:58,CANCELLED,WEST
O00966,C0274,2025-07-03 22:31:58,RETURNED,NORTH
O00967,C0263,2026-04-20 17:06:58,RETURNED,NORTH
O00968,C0375,2025-12-07 07:17:58,DELIVERED,NORTH
O00969,C0231,2026-03-06 14:43:58,PLACED,NORTH
O00970,C0150,2025-06-25 00:54:58,SHIPPED,EAST
O00971,C0291,2026-07-31 02:56:58,RETURNED,EAST
O00972,C0182,2025-12-12 06:04:58,RETURNED,NORTH
O00973,C0119,2026-06-06 08:20:58,SHIPPED,WEST
O00974,C0475,2025-05-28 23:47:58,PLACED,EAST
O00975,C0266,2025-07-28 09:39:58,CANCELLED,WEST
O00976,C0216,2025-09-30 09:55:58,CANCELLED,SOUTH
O00977,C0286,2025-10-02 21:39:58,CANCELLED,WEST
O00978,C0499,2025-07-29 18:03:58,PLACED,SOUTH
O00979,C0360,2026-07-20 06:05:58,DELIVERED,SOUTH
O00980,,2025-09-06 06:18:58,DELIVERED,SOUTH
O00981,C0387,2025-12-16 10:35:58,PLACED,NORTH
O00982,C0081,2025-12-21 11:16:58,SHIPPED,NORTH
O00983,C0244,2025-10-18 07:44:58,CANCELLED,EAST
O00984,C0292,2025-10-29 22:12:58,CANCELLED,NORTH
O00985,C0044,2025-07-04 06:57:58,DELIVERED,NORTH
O00986,C0443,2025-07-04 20:29:58,CANCELLED,EAST
O00987,C0486,2025-09-13 02:16:58,PLACED,WEST
O00988,C0085,2026-01-13 00:24:58,PLACED,WEST
O00989,C0290,2025-09-18 23:09:58,DELIVERED,NORTH
O00990,C0429,2026-07-14 00:19:58,DELIVERED,EAST
O00991,C0027,2026-07-25 06:02:58,CANCELLED,EAST
O00992,C0034,2025-11-07 21:23:58,CANCELLED,EAST
O00993,C0406,2025-12-30 19:55:58,SHIPPED,WEST
O00994,C0449,2026-01-15 08:11:58,SHIPPED,EAST
O00995,C0398,2026-05-18 10:26:58,RETURNED,NORTH
O00996,C0363,2025-11-13 04:42:58,SHIPPED,WEST
O00997,C0279,2026-01-22 11:41:58,PLACED,WEST
O00998,C0381,2025-11-07 11:13:58,DELIVERED,WEST
O00999,C0371,2026-06-12 01:35:58,CANCELLED,EAST
O01000,,,CANCELLED,NORTH
