item_id,order_id,product_id,quantity,unit_price,discount_percent
I00001,O00684,P0068,5,575.51,20.55
I00002,O00969,P0360,5,4282.24,99.29
I00003,O00415,P0040,3,4611.58,19.33
I00004,O00421,P0133,4,2578.57,59.98
I00005,O00627,P0332,2,3822.56,80.48
I00006,O00472,P0034,1,6175.12,73.32
I00007,O00710,P0089,4,6236.12,15.74
I00008,O00492,P0339,4,7008.24,69.11
I00009,O00840,P0494,1,9589.55,6.85
I00010,O00976,P0034,4,9197.93,9.65
I00011,O00227,P0272,3,2102.77,92.04
I00012,O00893,P0451,3,4705.13,57.11
I00013,O00830,P0070,5,9282.21,53.46
I00014,O00558,P0493,2,3615.93,61.86
I00015,O00946,P0345,5,4360.15,46.6
I00016,O00246,P0489,5,2090.06,59.01
I00017,O00901,P0340,1,7443.64,65.03
I00018,O00518,P0452,2,7572.91,39.9
I00019,O00764,P0155,3,9634.55,43.36
I00020,O00692,P0455,3,6179.49,73.04
I00021,O00411,P0119,1,3338.09,20.24
I00022,O00347,P0020,2,3596.41,23.75
I00023,O00785,P0291,4,879.19,74.73
I00024,O00622,P0135,5,5210.46,16.45
I00025,O00745,P0185,3,5689.01,95.15
I00026,O00907,P0251,3,6686.88,88.53
I00027,O00883,P0437,3,5508.26,72.83
I00028,O00482,P0425,3,6724.09,19.26
I00029,O00289,P0384,1,3961.61,55.4
I00030,O00699,P0357,3,7864.19,25.4
I00031,O00605,P0391,1,3371.94,87.49
I00032,O00590,P0392,4,6282.39,79.09
I00033,O00389,P0379,-2,2102.29,35.57
I00034,O00371,P0322,1,5003.61,94.34
I00035,O00411,P0359,3,2188.69,50.8
I00036,O00296,P0118,5,1630.47,72.35
I00037,O00523,P0469,1,7549.88,66.83
I00038,O00406,P0234,4,4835.48,86.59
I00039,O00500,P0470,1,960.49,73.98
I00040,O00580,P0219,3,5405.71,66.28
I00041,O00670,P0191,2,3372.76,98.12
I00042,O00853,P0230,5,8245.87,60.47
I00043,O00822,P0439,4,2272.72,35.23
I00044,O00946,P0137,3,2676.01,45.17
I00045,O00022,P0204,2,7224.74,22.56
I00046,O00376,P0019,1,8452.71,99.35
I00047,O00875,P0053,5,4767.88,15.34
I00048,O00471,P0469,3,9480.57,93.38
I00049,O00249,P0438,2,6437.98,77.46
I00050,O00183,P0474,4,6304.21,25.51
I00051,O00260,P0451,5,5308.61,37.18
I00052,O00354,P0369,1,7848.33,93.03
I00053,O00971,P0108,3,6990.28,95.51
I00054,O00445,P0306,3,7812.7,59.15
I00055,O00961,P0070,2,3153.02,58.86
I00056,O00179,P0416,1,7051.49,97.36
I00057,O00149,P0162,2,1294.49,13.86
I00058,O00692,P0242,2,3844.57,56.94
I00059,O00249,P0075,5,2753.36,2.19
I00060,O00636,P0479,5,4936.96,91.46
I00061,O00244,P0214,1,5457.66,90.91
I00062,O00567,P0443,3,368.41,18.65
I00063,O00973,P0108,3,6033.54,69.09
I00064,O00407,P0238,3,7170.9,45.05
I00065,O00078,P0307,1,267.05,94.16
I00066,O00021,P0287,-5,6598.44,95.53
I00067,O00653,P0260,3,8596.19,26.38
I00068,O00300,P0285,2,8986.03,0.68
I00069,O00863,P0404,4,2556.39,1.22
I00070,O00285,P0004,4,5339.23,55.3
I00071,O00610,P0084,3,2346.74,82.76
I00072,O00844,P0458,5,4264.65,73.37
I00073,O00070,P0195,2,317.58,35.52
I00074,O00078,P0491,4,7605.31,27.32
I00075,O00876,P0452,2,7815.94,78.44
I00076,O00036,P0111,5,7603.32,94.02
I00077,O00062,P0214,5,9203.14,91.7
I00078,O00841,P0127,1,3451.49,95.19
I00079,O00416,P0374,2,6657.22,10.04
I00080,O00013,P0267,3,6252.59,76.74
I00081,O00477,P0050,3,7204.59,26.79
I00082,O00253,P0246,4,7104.87,79.44
I00083,O00765,P0410,4,914.54,74.4
I00084,O00832,P0220,4,7789.31,29.49
I00085,O00109,P0018,4,7476.45,80.8
I00086,O00415,P0372,5,5812.66,28.62
I00087,O00846,P0343,4,6403.0,16.21
I00088,O00828,P0402,1,4585.93,2.46
I00089,O00904,P0440,3,7476.06,23.85
I00090,O00625,P0489,2,7338.41,98.64
I00091,O00869,P0043,5,4671.71,63.35
I00092,O00598,P0379,4,953.91,42.36
I00093,O00951,P0137,4,8863.17,50.06
I00094,O00132,P0305,2,2440.02,39.82
I00095,O00715,P0348,2,7211.57,90.77
I00096,O00694,P0241,3,6922.82,60.74
I00097,O00835,P0136,1,7863.82,3.52
I00098,O00371,P0368,4,5760.52,84.14
I00099,O00406,P0256,-2,932.18,49.17
I00100,O00980,P0394,5,9067.53,33.35
I00101,O00402,P0244,1,1994.12,61.26
I00102,O00312,P0388,3,3453.85,26.21
I00103,O00413,P0142,3,7490.73,89.58
I00104,O00087,P0058,3,8547.81,4.64
I00105,O00956,P0161,4,9288.77,3.4
I00106,O00400,P0058,4,2212.02,97.07
I00107,O00029,P0375,4,3726.33,28.92
I00108,O00822,P0286,2,516.84,58.71
I00109,O00028,P0405,4,2169.98,80.21
I00110,O00727,P0456,4,4662.56,19.64
I00111,O00062,P0244,4,5884.71,82.05
I00112,O00752,P0180,3,1068.65,85.0
I00113,O00674,P0191,1,5808.5,56.25
I00114,O00745,P0222,3,3712.51,50.91
I00115,O00386,P0179,1,3162.28,93.75
I00116,O00607,P0293,1,6879.98,17.51
I00117,O00343,P0120,1,2100.59,62.71
I00118,O00139,P0290,5,4586.75,83.05
I00119,O00915,P0105,4,4044.58,72.57
I00120,O00950,P0216,3,901.01,36.7
I00121,O00665,P0228,4,5453.06,97.94
I00122,O00078,P0103,1,2366.56,40.4
I00123,O00014,P0097,1,5231.57,6.73
I00124,O00655,P0053,5,7873.47,4.55
I00125,O00491,P0074,4,5447.25,11.94
I00126,O00175,P0054,3,8664.84,25.12
I00127,O00560,P0067,4,1854.52,17.87
I00128,O00840,P0095,2,9108.33,72.29
I00129,O00728,P0125,4,458.3,95.3
I00130,O00717,P0177,5,2234.05,95.87
I00131,O00013,P0296,1,3897.73,82.11
I00132,O00518,P0448,-2,2422.96,46.03
I00133,O00226,P0148,5,6122.29,54.22
I00134,O00184,P0326,1,4527.78,56.69
I00135,O00289,P0270,1,4647.19,40.29
I00136,O00777,P0386,3,5776.08,90.67
I00137,O00847,P0435,3,1890.15,3.87
I00138,O00046,P0324,5,3675.86,28.56
I00139,O00680,P0364,5,1440.45,18.81
I00140,O00702,P0270,5,4916.36,31.14
I00141,O00059,P0132,1,7046.7,4.48
I00142,O00325,P0073,5,8415.2,6.77
I00143,O00598,P0414,5,4162.95,61.0
I00144,O00447,P0403,1,1174.38,48.96
I00145,O00831,P0127,2,3333.61,50.92
I00146,O00104,P0049,1,5964.02,23.99
I00147,O00947,P0317,3,2298.63,90.84
I00148,O00744,P0271,3,5616.17,70.27
I00149,O00710,P0038,3,5882.75,53.63
I00150,O00677,P0235,1,905.14,71.28
I00151,O00790,P0213,5,4982.93,58.52
I00152,O00523,P0218,4,2815.71,42.07
I00153,O00691,P0336,2,7145.13,10.54
I00154,O00845,P0038,2,278.24,92.78
I00155,O00104,P0406,3,588.51,97.1
I00156,O00604,P0095,1,1322.43,28.04
I00157,O00536,P0211,4,5410.25,21.71
I00158,O00568,P0414,5,7689.37,55.07
I00159,O00299,P0292,3,8095.67,10.54
I00160,O00638,P0031,4,2928.65,51.56
I00161,O00435,P0182,1,9243.74,92.87
I00162,O00938,P0170,5,5311.38,44.81
I00163,O00615,P0177,5,4429.83,37.7
I00164,O00364,P0153,1,8708.08,1.88
I00165,O00023,P0008,-5,8001.5,27.36
I00166,O00043,P0338,3,481.33,8.05
I00167,O00156,P0345,3,9699.44,48.73
I00168,O00864,P0334,1,9424.35,93.62
I00169,O00906,P0402,4,3986.91,82.33
I00170,O00438,P0305,5,3739.97,23.36
I00171,O00370,P0351,5,2031.96,60.99
I00172,O00689,P0387,3,206.35,40.46
I00173,O00072,P0113,3,3759.05,14.91
I00174,O00598,P0073,5,686.96,83.58
I00175,O00294,P0049,2,7088.58,67.96
I00176,O00757,P0009,2,1682.21,59.67
I00177,O00639,P0266,5,5471.11,92.33
I00178,O00914,P0327,4,3172.75,64.17
I00179,O00451,P0217,2,2317.28,84.18
I00180,O00641,P0387,2,6268.59,80.67
I00181,O00759,P0431,1,1773.57,64.39
I00182,O00466,P0202,5,6658.91,72.42
I00183,O00260,P0025,2,9712.62,58.64
I00184,O00425,P0500,4,4290.64,41.7
I00185,O00040,P0343,2,9749.87,6.07
I00186,O00460,P0174,4,2700.06,12.13
I00187,O00142,P0091,5,6239.66,3.58
I00188,O00724,P0374,1,7982.31,44.53
I00189,O00824,P0279,5,3028.48,47.17
I00190,O00325,P0342,4,2411.46,63.41
I00191,O00417,P0232,3,1648.01,72.72
I00192,O00178,P0446,3,8130.47,89.0
I00193,O00692,P0316,4,7344.9,63.2
I00194,O00025,P0490,4,2923.31,82.87
I00195,O00110,P0437,4,4503.49,21.87
I00196,O00747,P0151,4,6561.72,17.84
I00197,O00636,P0058,1,6548.54,59.34
I00198,O00485,P0147,-2,5574.44,32.85
I00199,O00568,P0107,1,8691.93,45.18
I00200,O00104,P0009,3,3351.89,49.04
I00201,O00058,P0425,2,3574.02,28.81
I00202,O00457,P0308,1,9610.08,32.94
I00203,O00571,P0451,4,3107.67,76.62
I00204,O00298,P0131,4,3453.46,34.53
I00205,O00794,P0303,4,6335.33,61.08
I00206,O00981,P0384,3,631.3,59.64
I00207,O00589,P0207,5,5415.09,94.41
I00208,O00633,P0416,1,4501.11,99.17
I00209,O00697,P0251,5,9396.37,27.71
I00210,O00062,P0469,1,1108.93,61.57
I00211,O00387,P0114,5,8859.41,25.62
I00212,O00619,P0248,1,779.89,42.87
I00213,O00928,P0356,2,7716.27,63.97
I00214,O00900,P0017,2,853.35,21.92
I00215,O00568,P0496,4,4162.6,0.24
I00216,O00812,P0017,1,5911.71,24.09
I00217,O00517,P0248,2,8624.04,52.96
I00218,O00378,P0137,4,3456.39,97.0
I00219,O00202,P0313,2,2916.99,43.68
I00220,O00792,P0322,1,7679.62,94.45
I00221,O00139,P0481,2,9273.22,8.51
I00222,O00482,P0010,1,8975.05,26.07
I00223,O00128,P0368,4,5523.7,64.57
I00224,O00475,P0083,4,3588.25,22.71
I00225,O00511,P0098,3,8205.39,60.33
I00226,O00237,P0189,5,2912.02,31.96
I00227,O00180,P0385,5,543.06,89.04
I00228,O00122,P0236,3,3747.54,77.97
I00229,O00748,P0229,4,635.5,57.23
I00230,O00926,P0042,4,7890.3,2.68
I00231,O00606,P0202,-3,7813.9,70.56
I00232,O00491,P0243,2,3466.0,85.69
I00233,O00702,P0286,4,4206.17,4.98
I00234,O00992,P0206,5,2190.18,40.19
I00235,O00282,P0476,2,6767.64,6.46
I00236,O00455,P0456,5,6279.49,59.99
I00237,O00639,P0394,5,8540.78,67.32
I00238,O00133,P0163,3,6485.97,80.96
I00239,O00149,P0070,4,4511.89,36.99
I00240,O00093,P0266,4,3363.91,45.19
I00241,O00070,P0332,5,4303.63,15.39
I00242,O00455,P0318,3,5224.09,95.01
I00243,O00525,P0271,3,758.64,74.62
I00244,O00815,P0447,1,4021.08,90.71
I00245,O00339,P0476,1,3910.69,3.39
I00246,O00628,P0149,5,847.2,49.32
I00247,O00554,P0065,3,8850.25,55.63
I00248,O00700,P0446,4,4288.43,15.28
I00249,O00267,P0355,2,4161.28,70.21
I00250,O00889,P0198,2,8366.61,21.2
I00251,O00091,P0314,2,674.15,14.43
I00252,O00341,P0051,5,8682.71,60.74
I00253,O00454,P0110,1,3133.21,63.94
I00254,O00571,P0180,3,4611.84,84.84
I00255,O00099,P0226,1,5294.52,10.79
I00256,O00503,P0134,2,643.19,48.23
I00257,O00192,P0063,5,6276.68,30.75
I00258,O00817,P0481,2,1571.89,68.13
I00259,O00188,P0345,2,3172.72,79.22
I00260,O00514,P0362,2,6765.32,88.65
I00261,O00932,P0275,4,9244.97,8.81
I00262,O00177,P0334,1,5141.08,28.69
I00263,O00803,P0263,2,8012.97,51.43
I00264,O00242,P0274,-2,4578.92,87.44
I00265,O00890,P0018,4,9916.36,11.4
I00266,O00508,P0126,4,8311.61,76.08
I00267,O00277,P0208,2,4795.57,24.96
I00268,O00017,P0115,4,9660.56,33.11
I00269,O00344,P0149,3,1044.1,94.04
I00270,O00041,P0389,2,2392.41,5.41
I00271,O00679,P0310,4,7262.27,68.3
I00272,O00325,P0049,4,8807.94,8.01
I00273,O00892,P0046,3,5810.28,94.67
I00274,O00972,P0182,3,5507.81,53.48
I00275,O00759,P0164,3,3960.16,68.71
I00276,O00204,P0232,1,2436.76,52.58
I00277,O00068,P0072,1,9532.99,86.41
I00278,O00084,P0487,3,5380.33,42.74
I00279,O00433,P0155,2,7031.1,48.36
I00280,O00832,P0148,5,7527.74,98.7
I00281,O00769,P0209,2,4225.97,46.0
I00282,O00903,P0279,1,7262.97,17.51
I00283,O00704,P0353,1,3679.21,61.68
I00284,O00655,P0020,2,4923.45,26.94
I00285,O00945,P0030,3,4087.77,84.67
I00286,O00043,P0057,1,7914.22,19.42
I00287,O00849,P0233,5,6530.57,59.66
I00288,O00741,P0216,4,5935.07,99.64
I00289,O00601,P0450,1,8734.06,61.14
I00290,O00092,P0231,4,7078.94,34.8
I00291,O00968,P0004,4,7136.8,90.14
I00292,O00128,P0127,5,3371.28,79.01
I00293,O00010,P0068,3,1843.03,5.66
I00294,O00163,P0228,1,2811.32,19.03
I00295,O00385,P0236,4,6723.88,39.35
I00296,O00273,P0343,4,9612.55,99.33
I00297,O00960,P0458,-3,9593.28,75.41
I00298,O00339,P0348,5,7741.55,81.05
I00299,O00176,P0332,2,2003.66,38.3
I00300,O00466,P0067,1,711.68,17.36
I00301,O00047,P0350,1,3137.15,81.17
I00302,O00017,P0458,2,6945.64,17.14
I00303,O00382,P0145,4,4883.38,76.87
I00304,O00392,P0023,2,5804.39,37.5
I00305,O00598,P0090,3,7988.36,78.88
I00306,O00133,P0221,2,4582.75,84.56
I00307,O00790,P0470,4,2519.04,97.78
I00308,O00071,P0198,1,9941.86,17.77
I00309,O00726,P0408,5,6768.68,24.23
I00310,O00306,P0181,2,5410.13,81.1
I00311,O00977,P0205,2,2030.36,96.65
I00312,O00600,P0049,3,3891.18,15.61
I00313,O00955,P0179,2,4001.37,30.47
I00314,O00091,P0307,2,1399.52,84.44
I00315,O00336,P0356,2,9806.96,98.68
I00316,O00202,P0136,3,5458.89,89.59
I00317,O00145,P0143,5,7619.97,81.32
I00318,O00258,P0176,2,6406.52,43.93
I00319,O00795,P0336,2,4436.79,60.92
I00320,O00496,P0493,1,5560.81,28.7
I00321,O00251,P0163,3,3092.96,41.47
I00322,O00674,P0131,5,2460.42,11.52
I00323,O00908,P0028,1,6377.16,45.29
I00324,O00793,P0082,4,5441.0,1.7
I00325,O00850,P0011,2,3237.25,15.84
I00326,O00980,P0440,1,8221.42,97.77
I00327,O00410,P0024,2,8040.68,74.18
I00328,O00065,P0423,4,5509.42,53.88
I00329,O00059,P0121,5,5605.92,87.71
I00330,O00489,P0270,-5,6196.65,0.03
I00331,O00335,P0374,3,7061.09,48.1
I00332,O00480,P0158,2,9081.11,60.76
I00333,O00568,P0247,2,7840.4,96.85
I00334,O00321,P0263,4,9505.79,81.36
I00335,O00679,P0006,4,5392.1,33.04
I00336,O00955,P0342,1,3913.5,32.77
I00337,O00148,P0177,3,7989.18,64.01
I00338,O00336,P0306,2,3886.24,96.17
I00339,O00738,P0042,3,3297.51,28.97
I00340,O00751,P0367,5,8030.22,54.24
I00341,O00325,P0418,1,6311.46,52.0
I00342,O00861,P0070,1,7922.67,61.82
I00343,O00617,P0366,1,7994.97,28.71
I00344,O00495,P0358,5,5500.7,3.91
I00345,O00193,P0067,1,4956.15,73.18
I00346,O00942,P0402,1,5740.67,86.27
I00347,O00498,P0438,4,7889.13,36.3
I00348,O00733,P0254,4,8355.78,72.14
I00349,O00256,P0429,1,8378.25,62.27
I00350,O00654,P0142,2,1706.5,13.14
I00351,O00586,P0273,2,5556.45,23.14
I00352,O00352,P0430,5,3221.14,23.65
I00353,O00120,P0254,2,1329.3,99.98
I00354,O00195,P0305,4,6000.05,26.45
I00355,O00234,P0018,2,1058.96,24.78
I00356,O00374,P0006,3,699.49,43.54
I00357,O00722,P0250,4,4392.76,21.64
I00358,O00029,P0272,2,3778.32,41.06
I00359,O00031,P0314,4,2122.1,67.48
I00360,O00922,P0307,4,1669.6,3.61
I00361,O00775,P0070,1,4939.05,72.72
I00362,O00611,P0168,2,3542.77,22.86
I00363,O00233,P0292,-5,2175.09,52.55
I00364,O00191,P0378,3,9617.4,76.31
I00365,O00595,P0120,4,6406.27,51.33
I00366,O00902,P0444,2,3451.79,95.91
I00367,O00061,P0225,4,2825.17,14.46
I00368,O00971,P0362,3,9237.05,78.97
I00369,O00003,P0391,4,7946.37,77.85
I00370,O00751,P0417,4,5075.93,57.8
I00371,O00890,P0343,1,3766.93,98.49
I00372,O00268,P0365,3,3453.18,33.59
I00373,O00419,P0418,5,7155.47,74.22
I00374,O00542,P0169,2,2020.66,40.13
I00375,O00770,P0031,2,5844.5,52.15
I00376,O00544,P0258,3,2257.48,83.17
I00377,O00675,P0229,2,9021.67,42.61
I00378,O00455,P0342,4,7537.0,36.18
I00379,O00342,P0239,1,3846.09,15.92
I00380,O00051,P0432,2,7114.26,46.54
I00381,O00584,P0246,1,2949.44,89.12
I00382,O00028,P0494,4,5076.15,48.65
I00383,O00638,P0328,4,8132.62,2.01
I00384,O00078,P0056,2,1789.65,8.45
I00385,O00664,P0235,4,1361.21,99.46
I00386,O00411,P0425,3,9389.36,9.19
I00387,O00811,P0095,2,2159.69,79.36
I00388,O00743,P0246,5,890.23,56.23
I00389,O00712,P0094,3,2634.28,69.47
I00390,O00414,P0236,5,9716.61,12.88
I00391,O00515,P0341,2,6224.54,9.49
I00392,O00006,P0429,5,2202.53,5.95
I00393,O00239,P0304,4,2361.12,99.97
I00394,O00054,P0090,3,5800.74,80.35
I00395,O00130,P0097,5,6534.49,13.71
I00396,O00003,P0351,-3,4734.18,1.7
I00397,O00674,P0363,3,8971.13,18.93
I00398,O00639,P0286,2,8195.3,23.94
I00399,O00934,P0037,2,5247.66,22.47
I00400,O00191,P0410,5,9075.35,48.86
I00401,O00177,P0025,4,2538.05,84.69
I00402,O00320,P0494,2,6766.68,29.46
I00403,O00415,P0192,1,4272.74,75.63
I00404,O00388,P0179,2,8997.82,23.44
I00405,O00551,P0203,1,8930.03,25.44
I00406,O00910,P0035,5,7009.83,70.65
I00407,O00773,P0223,4,3008.18,4.08
I00408,O00352,P0450,5,7823.76,58.54
I00409,O00290,P0325,4,7045.37,70.09
I00410,O00894,P0064,1,1372.83,79.98
I00411,O00200,P0223,1,7835.67,90.15
I00412,O00142,P0180,1,4432.65,18.0
I00413,O00538,P0094,2,9350.84,50.89
I00414,O00606,P0252,4,3953.54,26.5
I00415,O00270,P0208,3,9459.48,21.13
I00416,O00222,P0164,1,1244.83,96.39
I00417,O00436,P0273,5,1780.83,45.42
I00418,O00175,P0253,5,3575.45,53.65
I00419,O00447,P0222,2,1233.62,56.47
I00420,O00933,P0337,5,3552.25,12.74
I00421,O00511,P0396,2,4063.51,81.01
I00422,O00999,P0449,1,3216.41,44.83
I00423,O00310,P0070,2,5275.6,73.05
I00424,O00171,P0089,4,6345.0,86.45
I00425,O00585,P0063,4,4085.85,43.1
I00426,O00066,P0435,2,7813.47,53.09
I00427,O00487,P0412,3,6838.59,40.32
I00428,O00262,P0347,5,6988.12,65.75
I00429,O00416,P0333,-2,4689.29,27.0
I00430,O00594,P0415,4,1805.83,87.11
I00431,O00543,P0115,4,4318.93,14.8
I00432,O00041,P0292,3,2446.61,55.25
I00433,O00718,P0497,2,3105.81,14.29
I00434,O00007,P0226,2,6268.13,60.88
I00435,O00299,P0156,4,9951.89,80.36
I00436,O00106,P0332,3,1485.91,84.2
I00437,O00943,P0110,2,3159.19,70.9
I00438,O00718,P0129,5,9639.68,73.77
I00439,O00035,P0193,5,5530.22,24.27
I00440,O00500,P0147,5,6167.14,19.7
I00441,O00676,P0101,1,6067.4,22.79
I00442,O00849,P0380,2,8211.77,55.69
I00443,O00678,P0439,4,4866.01,12.28
I00444,O00594,P0103,3,2776.58,57.73
I00445,O00957,P0125,2,5077.14,67.85
I00446,O00837,P0441,4,8854.9,80.58
I00447,O00735,P0447,4,6547.99,24.02
I00448,O00092,P0214,3,6099.54,64.68
I00449,O00470,P0108,1,7447.33,92.35
I00450,O00080,P0359,2,2092.54,18.5
I00451,O00316,P0087,3,1882.51,33.58
I00452,O00244,P0137,2,6971.37,50.52
I00453,O00060,P0473,3,2128.38,77.14
I00454,O00555,P0332,1,1963.91,82.17
I00455,O00941,P0400,2,1696.07,50.41
I00456,O00995,P0177,2,4800.23,76.0
I00457,O00934,P0124,4,4675.86,94.88
I00458,O00483,P0380,1,4744.24,65.69
I00459,O00684,P0115,4,4857.25,78.18
I00460,O00108,P0106,1,6750.67,88.32
I00461,O00429,P0325,2,4719.26,44.89
I00462,O00819,P0472,-3,2577.73,72.37
I00463,O00770,P0032,5,6738.99,21.79
I00464,O00297,P0344,5,6823.07,17.59
I00465,O00092,P0470,5,7571.66,47.28
I00466,O00327,P0071,1,469.82,17.93
I00467,O00523,P0393,3,7834.52,87.44
I00468,O00499,P0140,5,7434.98,87.65
I00469,O00788,P0476,4,1365.43,68.06
I00470,O00045,P0177,3,2034.01,46.94
I00471,O00743,P0349,4,8537.49,25.54
I00472,O00485,P0355,3,6066.59,37.24
I00473,O00853,P0200,4,9367.88,38.01
I00474,O00358,P0100,4,2242.58,41.77
I00475,O00746,P0316,1,9440.41,71.71
I00476,O00485,P0310,2,8687.39,98.09
I00477,O00304,P0493,4,5475.46,44.25
I00478,O00476,P0160,2,5715.55,6.4
I00479,O00587,P0330,5,1303.31,30.88
I00480,O00141,P0214,5,6241.1,44.67
I00481,O00359,P0033,1,3854.05,20.77
I00482,O00027,P0446,3,4966.81,2.74
I00483,O00720,P0167,2,6188.48,33.0
I00484,O00352,P0346,3,9972.31,46.1
I00485,O00820,P0448,1,9220.32,57.24
I00486,O00173,P0362,2,8215.31,36.51
I00487,O00185,P0303,5,5131.01,28.87
I00488,O00486,P0166,4,5214.45,18.65
I00489,O00262,P0176,5,3233.6,42.98
I00490,O00209,P0274,4,5620.34,18.13
I00491,O00048,P0148,4,3233.17,38.32
I00492,O00383,P0417,1,763.32,61.74
I00493,O00459,P0441,1,949.39,10.46
I00494,O00263,P0332,5,7400.25,55.21
I00495,O00990,P0433,-4,4808.67,76.06
I00496,O00836,P0176,1,1762.61,92.58
I00497,O00764,P0042,2,396.84,44.36
I00498,O00537,P0193,5,7649.37,28.42
I00499,O00871,P0044,1,2534.46,17.97
I00500,O00491,P0010,4,3668.34,58.13
I00501,O00591,P0009,2,1575.71,36.2
I00502,O00304,P0007,2,4335.09,32.74
I00503,O00608,P0430,5,7395.21,14.16
I00504,O00962,P0200,5,6650.05,61.93
I00505,O00117,P0088,3,7941.4,63.31
I00506,O00780,P0191,5,4282.97,73.24
I00507,O00252,P0063,2,974.46,7.56
I00508,O00413,P0074,1,8017.83,46.33
I00509,O00451,P0153,5,1760.12,40.32
I00510,O00873,P0322,3,9932.75,10.3
I00511,O00305,P0093,2,5899.85,42.58
I00512,O00019,P0275,1,5528.91,51.39
I00513,O00287,P0300,4,232.61,60.75
I00514,O00145,P0281,1,5759.38,24.0
I00515,O00196,P0420,4,237.6,21.69
I00516,O00151,P0437,3,4036.36,28.96
I00517,O00911,P0115,2,6834.05,35.01
I00518,O00282,P0161,3,9977.19,56.8
I00519,O00931,P0029,5,6479.5,60.28
I00520,O00705,P0051,1,8206.34,57.72
I00521,O00998,P0058,5,2985.56,97.33
I00522,O00876,P0136,3,1844.88,48.95
I00523,O00887,P0033,5,9570.21,61.17
I00524,O00173,P0402,4,1028.67,13.62
I00525,O00518,P0010,1,451.02,77.46
I00526,O00139,P0151,5,7055.8,29.46
I00527,O00420,P0485,2,4504.89,40.99
I00528,O00568,P0202,-1,9827.06,28.01
I00529,O00977,P0002,1,9807.66,27.1
I00530,O00755,P0058,5,5418.22,80.06
I00531,O00353,P0202,5,4212.79,90.97
I00532,O00875,P0484,1,3751.36,55.24
I00533,O00837,P0391,5,2351.67,31.34
I00534,O00738,P0176,4,3506.99,81.93
I00535,O00416,P0154,5,8086.56,17.56
I00536,O00093,P0395,2,3712.54,2.21
I00537,O00685,P0199,1,9893.15,4.88
I00538,O00002,P0464,4,2723.41,86.25
I00539,O00784,P0430,4,9070.64,45.27
I00540,O00942,P0204,1,2634.31,60.88
I00541,O00330,P0335,1,6454.44,84.29
I00542,O00675,P0142,5,7153.73,45.32
I00543,O00523,P0118,5,4345.57,20.0
I00544,O00327,P0121,3,2692.54,2.13
I00545,O00231,P0435,4,4815.43,48.12
I00546,O00197,P0167,1,8582.43,13.36
I00547,O00388,P0360,3,9593.12,21.33
I00548,O00955,P0304,1,6191.64,82.83
I00549,O00245,P0413,4,3026.96,12.41
I00550,O00647,P0279,1,8916.73,23.55
I00551,O00973,P0365,1,791.31,14.05
I00552,O00407,P0092,3,4495.07,56.77
I00553,O00831,P0091,4,9724.64,17.18
I00554,O00949,P0363,4,8822.5,38.62
I00555,O00891,P0178,1,1295.86,66.76
I00556,O00733,P0347,1,5933.4,60.89
I00557,O00289,P0480,1,649.42,60.63
I00558,O00534,P0032,1,1847.27,76.69
I00559,O00392,P0198,5,3601.89,38.26
I00560,O00109,P0027,2,7581.67,97.67
I00561,O00540,P0143,-4,2464.12,6.53
I00562,O00835,P0263,1,2457.9,50.2
I00563,O00864,P0086,1,5344.27,58.27
I00564,O00856,P0033,4,8451.31,48.91
I00565,O00098,P0019,5,6836.55,24.52
I00566,O00709,P0442,2,6815.17,32.33
I00567,O00394,P0443,2,8848.03,80.96
I00568,O00214,P0470,5,3366.26,66.76
I00569,O00795,P0338,4,7355.11,12.29
I00570,O00277,P0395,5,8018.1,81.72
I00571,O00775,P0176,2,397.69,51.07
I00572,O00634,P0232,1,9907.49,75.32
I00573,O00338,P0163,4,6300.85,97.35
I00574,O00406,P0019,1,401.13,50.05
I00575,O00249,P0197,4,1782.81,1.31
I00576,O00135,P0388,4,4239.93,55.82
I00577,O00019,P0243,5,1911.69,28.17
I00578,O00922,P0069,1,3602.31,10.82
I00579,O00795,P0325,4,4511.16,85.53
I00580,O00754,P0284,2,7510.76,96.78
I00581,O00857,P0132,4,643.82,70.35
I00582,O00286,P0173,4,9923.39,86.43
I00583,O00358,P0102,3,5556.38,15.09
I00584,O00655,P0173,3,4807.23,18.0
I00585,O00928,P0263,3,6431.98,51.45
I00586,O00547,P0285,3,6775.81,96.7
I00587,O00215,P0386,1,6918.38,6.42
I00588,O00148,P0265,5,3389.14,47.33
I00589,O00099,P0169,3,9855.19,74.42
I00590,O00337,P0267,3,4785.59,67.28
I00591,O00080,P0336,3,7301.78,15.89
I00592,O00971,P0004,3,1840.44,23.71
I00593,O00841,P0191,3,6767.48,74.86
I00594,O00895,P0156,-3,5073.19,58.59
I00595,O00684,P0325,5,3459.45,64.29
I00596,O00574,P0078,2,7991.68,67.85
I00597,O00587,P0381,5,4122.4,28.65
I00598,O00730,P0262,5,4790.65,0.43
I00599,O00304,P0440,2,8485.29,6.98
I00600,O00435,P0368,1,7739.04,4.32
I00601,O00710,P0353,4,6731.38,79.52
I00602,O00671,P0128,2,9630.39,42.39
I00603,O00493,P0191,3,220.2,96.44
I00604,O00077,P0110,2,1338.12,26.87
I00605,O00591,P0298,5,6573.57,67.54
I00606,O00913,P0195,4,4817.72,78.09
I00607,O00787,P0264,1,3502.9,78.13
I00608,O00423,P0364,1,1882.94,79.75
I00609,O00667,P0164,4,7122.58,26.16
I00610,O00298,P0128,1,1675.85,93.87
I00611,O00491,P0033,5,4588.44,89.59
I00612,O00043,P0439,1,2583.12,26.58
I00613,O00397,P0228,3,834.87,10.94
I00614,O00562,P0390,4,695.92,70.82
I00615,O00400,P0395,3,4519.78,94.48
I00616,O00469,P0094,2,4405.08,43.28
I00617,O00687,P0389,5,9657.53,2.65
I00618,O00937,P0277,4,4741.82,69.17
I00619,O00691,P0470,2,7224.25,50.4
I00620,O00269,P0267,5,5701.99,8.27
I00621,O00082,P0252,3,2431.53,64.1
I00622,O00972,P0200,4,8498.74,54.5
I00623,O00854,P0352,2,3638.98,79.32
I00624,O00553,P0465,1,6636.17,98.26
I00625,O00958,P0467,4,1105.15,64.07
I00626,O00132,P0353,2,9550.29,72.25
I00627,O00669,P0369,-5,8232.34,50.03
I00628,O00119,P0196,1,4452.48,79.35
I00629,O00420,P0083,3,6098.89,58.55
I00630,O00364,P0489,3,2547.91,70.26
I00631,O00808,P0141,1,7905.82,69.5
I00632,O00346,P0267,5,627.23,63.35
I00633,O00646,P0070,3,4587.01,67.77
I00634,O00398,P0437,2,2500.54,63.19
I00635,O00452,P0321,1,1699.68,57.8
I00636,O00109,P0269,4,2342.48,66.93
I00637,O00710,P0374,5,9279.36,71.88
I00638,O00318,P0140,2,4071.5,40.99
I00639,O00403,P0301,4,3115.63,39.27
I00640,O00188,P0307,5,5060.21,24.76
I00641,O00245,P0362,3,7252.55,35.59
I00642,O00745,P0298,1,7594.68,21.11
I00643,O00370,P0036,3,1314.27,79.27
I00644,O00094,P0283,2,2771.19,41.27
I00645,O00253,P0286,3,5438.76,96.44
I00646,O00458,P0323,5,848.71,26.5
I00647,O00027,P0499,1,4872.43,3.46
I00648,O00406,P0233,1,8054.7,75.53
I00649,O00558,P0490,3,3058.42,10.44
I00650,O00436,P0195,2,4530.91,83.14
I00651,O00684,P0258,2,1551.6,94.82
I00652,O00094,P0451,1,3921.51,79.3
I00653,O00330,P0443,5,8144.76,78.31
I00654,O00877,P0291,3,6194.13,5.97
I00655,O00989,P0390,3,9273.01,45.3
I00656,O00618,P0391,3,3565.74,12.85
I00657,O00519,P0199,4,5051.06,4.35
I00658,O00302,P0375,3,1640.85,54.96
I00659,O00759,P0399,2,8377.67,37.36
I00660,O00649,P0019,-4,4881.53,23.44
I00661,O00886,P0341,3,9236.2,61.57
I00662,O00147,P0450,4,391.53,41.25
I00663,O00806,P0180,1,873.88,9.4
I00664,O00109,P0478,5,9764.99,28.61
I00665,O00708,P0335,4,3535.07,76.94
I00666,O00682,P0380,1,3490.9,72.16
I00667,O00432,P0419,3,9613.49,42.83
I00668,O00615,P0347,1,2313.13,73.68
I00669,O00170,P0318,1,8543.94,46.85
I00670,O00891,P0036,4,2179.03,29.41
I00671,O00241,P0071,5,8520.89,96.83
I00672,O00937,P0207,3,8700.19,87.4
I00673,O00426,P0003,5,8999.52,69.47
I00674,O00857,P0139,5,5111.36,47.64
I00675,O00599,P0486,3,5558.25,72.86
I00676,O00521,P0396,5,7093.5,77.82
I00677,O00412,P0235,5,5099.47,74.28
I00678,O00984,P0332,1,297.75,22.19
I00679,O00661,P0002,1,4943.68,46.85
I00680,O00202,P0326,4,3954.09,32.21
I00681,O00012,P0337,2,3580.52,96.56
I00682,O00582,P0067,1,3517.71,87.46
I00683,O00545,P0108,1,718.18,42.78
I00684,O00550,P0439,3,2154.37,20.28
I00685,O00376,P0464,1,8918.58,46.89
I00686,O00947,P0249,5,7536.3,74.8
I00687,O00623,P0490,4,1845.62,17.25
I00688,O00497,P0414,3,4145.97,42.83
I00689,O00482,P0116,2,2175.67,25.94
I00690,O00452,P0108,2,5442.59,93.37
I00691,O00897,P0426,2,9301.43,84.64
I00692,O00276,P0116,4,2612.2,67.87
I00693,O00161,P0028,-2,4824.74,43.65
I00694,O00774,P0446,2,564.26,41.59
I00695,O00325,P0043,3,6552.77,50.62
I00696,O00350,P0267,2,3584.89,10.03
I00697,O00839,P0329,4,3936.33,92.99
I00698,O00951,P0487,3,8866.06,55.1
I00699,O00154,P0452,2,4064.4,98.66
I00700,O00800,P0490,5,2462.66,66.84
I00701,O00122,P0262,4,3099.33,10.96
I00702,O00515,P0212,3,3973.69,20.39
I00703,O00403,P0390,2,7640.04,94.32
I00704,O00338,P0298,1,2633.31,60.12
I00705,O00313,P0131,5,4202.79,52.58
I00706,O00967,P0330,5,1416.69,78.28
I00707,O00971,P0278,5,6728.27,47.63
I00708,O00051,P0266,3,735.53,46.93
I00709,O00527,P0491,1,4903.81,24.79
I00710,O00368,P0179,5,4180.56,25.87
I00711,O00169,P0484,5,6032.7,46.33
I00712,O00665,P0070,2,2617.46,53.88
I00713,O00456,P0181,1,963.52,12.63
I00714,O00790,P0335,1,6772.68,48.25
I00715,O00791,P0205,4,4610.51,72.9
I00716,O00362,P0267,3,902.82,60.27
I00717,O00765,P0235,5,7092.4,54.21
I00718,O00766,P0386,2,6941.94,63.17
I00719,O00577,P0053,2,2485.92,19.29
I00720,O00329,P0215,5,7044.2,64.2
I00721,O00500,P0238,2,1282.7,10.81
I00722,O01000,P0299,5,5010.34,19.42
I00723,O00004,P0175,2,3221.41,31.38
I00724,O00553,P0122,3,4982.61,21.5
I00725,O00980,P0479,3,5046.35,34.86
I00726,O00070,P0326,-1,5428.38,92.69
I00727,O00966,P0441,5,7466.7,28.46
I00728,O00637,P0386,5,5260.73,23.97
I00729,O00851,P0475,4,852.96,59.31
I00730,O00866,P0081,5,546.2,8.06
I00731,O00511,P0153,1,9474.52,92.66
I00732,O00247,P0219,5,5667.09,92.3
I00733,O00158,P0356,2,4658.56,97.81
I00734,O00662,P0161,2,3869.65,46.23
I00735,O00498,P0422,2,8981.72,32.32
I00736,O00917,P0446,2,1749.82,89.32
I00737,O00045,P0471,5,1746.02,76.17
I00738,O00447,P0453,1,1280.77,6.76
I00739,O00943,P0246,1,1564.13,80.62
I00740,O00469,P0079,3,1649.19,98.69
I00741,O00349,P0113,3,9261.03,74.7
I00742,O00525,P0190,4,1527.96,21.17
I00743,O00092,P0467,5,3296.15,50.67
I00744,O00141,P0261,1,4253.68,15.65
I00745,O00403,P0367,2,4438.35,50.77
I00746,O00264,P0336,3,1862.42,20.78
I00747,O00071,P0111,2,4558.53,21.27
I00748,O00614,P0142,1,9178.16,86.87
I00749,O00295,P0435,2,2302.85,44.32
I00750,O00602,P0101,3,1032.46,37.72
I00751,O00789,P0475,3,3824.24,63.68
I00752,O00062,P0316,4,6443.6,52.0
I00753,O00308,P0249,2,3597.07,17.28
I00754,O00795,P0385,3,1886.51,58.33
I00755,O00762,P0433,4,3556.52,64.63
I00756,O00624,P0317,2,5781.65,54.36
I00757,O00607,P0307,1,1426.8,58.66
I00758,O00113,P0446,1,3846.82,5.02
I00759,O00857,P0273,-4,2044.19,41.9
I00760,O00634,P0349,5,4326.65,45.12
I00761,O00211,P0205,5,8366.65,71.39
I00762,O00543,P0205,5,1394.5,69.4
I00763,O00832,P0004,2,5291.61,35.99
I00764,O00220,P0043,3,4520.06,93.76
I00765,O00401,P0359,1,7733.16,57.67
I00766,O00343,P0150,1,4298.2,55.85
I00767,O00638,P0129,2,289.67,57.83
I00768,O00656,P0307,1,6525.04,52.93
I00769,O00542,P0207,3,1774.81,73.54
I00770,O00081,P0005,3,9084.06,51.59
I00771,O00225,P0007,3,710.85,42.57
I00772,O00466,P0374,1,5854.76,44.76
I00773,O00056,P0294,1,2492.86,5.52
I00774,O00177,P0365,2,9281.43,81.21
I00775,O00105,P0042,2,7304.38,92.62
I00776,O00185,P0209,3,1117.86,16.05
I00777,O00305,P0229,5,4671.74,97.92
I00778,O00668,P0219,4,4885.23,3.26
I00779,O00266,P0282,1,5648.13,76.5
I00780,O00248,P0197,5,977.81,51.06
I00781,O00330,P0249,2,1625.74,22.07
I00782,O00336,P0371,2,314.5,45.98
I00783,O00932,P0028,1,5496.28,72.62
I00784,O00825,P0127,4,3802.02,54.61
I00785,O00130,P0233,1,7557.58,4.49
I00786,O00986,P0018,3,5071.97,84.61
I00787,O00325,P0039,4,5475.52,51.8
I00788,O00032,P0419,3,7893.55,57.51
I00789,O00870,P0007,3,414.78,21.63
I00790,O00486,P0035,5,3980.21,50.63
I00791,O00083,P0408,2,9762.15,29.25
I00792,O00246,P0086,-4,5445.49,22.18
I00793,O00363,P0126,1,2950.46,7.9
I00794,O00432,P0189,4,3539.51,97.55
I00795,O00196,P0290,1,1935.27,23.48
I00796,O00288,P0295,2,669.95,28.12
I00797,O00251,P0383,2,3784.77,19.66
I00798,O00244,P0236,3,3084.54,11.16
I00799,O00235,P0403,2,4504.85,39.72
I00800,O00372,P0251,3,7864.74,52.1
I00801,O00198,P0061,4,3162.12,25.91
I00802,O00270,P0326,2,8710.57,13.17
I00803,O00885,P0301,4,2455.5,82.98
I00804,O00499,P0383,2,8087.37,30.99
I00805,O00154,P0424,5,4351.9,95.97
I00806,O00520,P0218,5,6181.01,22.32
I00807,O00824,P0112,3,4723.0,37.92
I00808,O00102,P0399,3,2570.3,82.44
I00809,O00929,P0241,1,2764.38,85.85
I00810,O00114,P0281,1,9015.47,79.16
I00811,O00943,P0002,1,8768.87,35.38
I00812,O00942,P0217,2,923.49,71.95
I00813,O00444,P0442,1,3722.91,38.88
I00814,O00891,P0493,3,6554.14,46.08
I00815,O00121,P0406,4,4187.82,31.32
I00816,O00583,P0212,1,9208.16,12.97
I00817,O00372,P0178,3,540.54,24.23
I00818,O00016,P0137,4,5200.95,81.88
I00819,O00298,P0244,2,8572.8,73.04
I00820,O00900,P0459,4,4906.34,40.9
I00821,O00743,P0205,5,9425.61,57.59
I00822,O00551,P0495,1,8563.37,24.25
I00823,O00172,P0389,5,7244.91,87.96
I00824,O00521,P0481,5,628.31,90.58
I00825,O00067,P0103,-2,2726.78,40.52
I00826,O00551,P0165,2,9239.33,82.41
I00827,O00882,P0298,3,1095.73,39.02
I00828,O00690,P0255,1,8743.73,49.11
I00829,O00929,P0390,2,541.59,53.69
I00830,O00774,P0220,4,7953.51,44.63
I00831,O00007,P0231,3,8938.8,39.17
I00832,O00753,P0075,2,6200.11,96.07
I00833,O00273,P0377,4,1821.75,93.03
I00834,O00841,P0064,2,4338.15,94.36
I00835,O00868,P0216,5,1643.17,63.07
I00836,O00109,P0038,3,8026.59,94.09
I00837,O00402,P0439,2,6284.41,33.57
I00838,O00357,P0157,1,6163.74,73.16
I00839,O00889,P0406,4,5749.23,78.22
I00840,O00644,P0304,4,1395.6,67.42
I00841,O00550,P0292,3,8832.37,87.29
I00842,O00685,P0085,4,6715.58,37.57
I00843,O00154,P0080,1,8436.84,18.76
I00844,O00276,P0287,1,633.79,40.02
I00845,O00247,P0083,3,2607.96,30.73
I00846,O00644,P0014,4,3956.35,90.61
I00847,O00259,P0455,3,3480.3,78.71
I00848,O00235,P0314,3,5440.65,42.14
I00849,O00836,P0243,1,2508.11,83.33
I00850,O00316,P0032,1,5860.97,35.88
I00851,O00553,P0077,1,9531.34,28.38
I00852,O00910,P0018,5,9253.78,3.51
I00853,O00076,P0034,5,6501.36,56.93
I00854,O00403,P0196,2,3967.76,41.21
I00855,O00801,P0329,3,729.43,83.57
I00856,O00711,P0284,1,236.27,95.75
I00857,O00480,P0183,4,5169.06,10.19
I00858,O00464,P0010,-1,4330.91,78.55
I00859,O00459,P0221,3,2110.51,74.55
I00860,O00943,P0123,5,9953.75,82.4
I00861,O00432,P0382,4,5972.6,0.32
I00862,O00984,P0127,2,6384.9,86.59
I00863,O00317,P0240,2,7205.77,43.12
I00864,O00846,P0040,4,2033.36,97.24
I00865,O00764,P0101,2,7916.37,6.61
I00866,O00182,P0172,1,6317.67,72.12
I00867,O00077,P0304,1,8523.29,22.78
I00868,O00003,P0025,4,8283.1,10.22
I00869,O00969,P0177,1,5808.89,28.96
I00870,O00595,P0067,2,3049.37,53.54
I00871,O00801,P0198,2,1055.87,19.55
I00872,O00576,P0091,3,6870.06,59.28
I00873,O00264,P0117,2,5176.84,21.82
I00874,O00038,P0355,3,2513.79,19.31
I00875,O00969,P0304,1,6759.13,76.63
I00876,O00675,P0291,2,9363.29,20.98
I00877,O00927,P0133,5,3086.66,74.84
I00878,O00441,P0471,2,3417.17,13.96
I00879,O00104,P0179,3,9280.96,46.52
I00880,O00767,P0285,1,4484.72,13.22
I00881,O00725,P0084,3,7389.47,38.51
I00882,O00590,P0121,2,1526.93,48.31
I00883,O00366,P0029,5,7691.78,51.19
I00884,O00660,P0153,4,7379.35,40.68
I00885,O00441,P0479,1,7833.73,37.74
I00886,O00898,P0049,2,4943.32,1.83
I00887,O00232,P0410,4,6802.31,64.39
I00888,O00531,P0357,2,3384.74,95.37
I00889,O00657,P0139,5,6759.11,95.78
I00890,O00805,P0303,3,9209.57,13.81
I00891,O00305,P0364,-2,7881.99,55.75
I00892,O00858,P0264,2,1905.21,2.85
I00893,O00881,P0182,1,927.09,3.63
I00894,O00421,P0012,3,7621.76,41.93
I00895,O00446,P0044,4,9321.02,65.57
I00896,O00189,P0274,4,3887.11,19.95
I00897,O00730,P0449,4,6073.05,89.27
I00898,O00944,P0495,1,464.26,16.74
I00899,O00015,P0288,3,7478.05,51.27
I00900,O00188,P0223,1,9845.51,89.04
I00901,O00266,P0300,5,4303.09,29.18
I00902,O00717,P0016,4,6226.48,7.3
I00903,O00606,P0007,2,929.51,60.25
I00904,O00184,P0131,2,9069.41,27.86
I00905,O00169,P0229,5,8486.07,59.18
I00906,O00177,P0383,4,5373.21,10.53
I00907,O00178,P0489,1,3114.41,62.17
I00908,O00452,P0362,4,9901.97,61.51
I00909,O00381,P0165,4,7071.86,6.69
I00910,O00116,P0191,5,6154.36,44.99
I00911,O00693,P0495,1,7184.47,18.29
I00912,O00850,P0248,4,2195.27,1.26
I00913,O00937,P0489,1,7841.63,36.86
I00914,O00875,P0470,3,7221.28,88.64
I00915,O00649,P0334,2,1751.21,89.16
I00916,O00313,P0416,1,6108.42,69.59
I00917,O00657,P0356,4,2359.51,33.53
I00918,O00704,P0105,3,3013.37,53.8
I00919,O00091,P0384,5,1587.62,70.29
I00920,O00758,P0464,3,7089.47,63.08
I00921,O00983,P0020,4,6658.6,85.23
I00922,O00346,P0261,3,4537.28,38.25
I00923,O00386,P0230,3,7024.18,66.24
I00924,O00159,P0092,-5,2899.41,86.0
I00925,O00198,P0229,3,6646.84,92.35
I00926,O00013,P0351,5,8120.51,27.29
I00927,O00799,P0398,3,429.32,15.29
I00928,O00332,P0420,3,4913.23,86.54
I00929,O00166,P0276,4,8263.79,53.25
I00930,O00756,P0442,3,2762.3,44.24
I00931,O00547,P0225,3,8842.96,75.56
I00932,O00542,P0250,4,8290.74,34.3
I00933,O00965,P0334,2,1516.48,12.99
I00934,O00587,P0371,5,749.96,74.98
I00935,O00723,P0174,1,237.11,25.08
I00936,O00019,P0373,5,7797.35,52.15
I00937,O00581,P0171,1,5753.05,28.23
I00938,O00335,P0244,2,6826.45,69.34
I00939,O00923,P0447,2,871.84,19.76
I00940,O00120,P0390,5,306.0,28.47
I00941,O00932,P0354,4,2418.46,72.41
I00942,O00431,P0084,4,7093.42,76.33
I00943,O00311,P0036,3,8504.99,27.43
I00944,O00009,P0039,3,2588.36,90.54
I00945,O00431,P0399,5,4097.64,64.37
I00946,O00052,P0330,3,1628.62,33.27
I00947,O00385,P0280,2,814.6,10.61
I00948,O00337,P0394,4,2782.67,50.17
I00949,O00244,P0157,5,7577.26,80.08
I00950,O00622,P0336,3,5546.4,12.47
I00951,O00472,P0101,4,3952.8,50.8
I00952,O00853,P0430,2,6637.88,18.24
I00953,O00719,P0285,4,8034.49,99.04
I00954,O00943,P0217,4,5389.48,28.79
I00955,O00136,P0471,3,9387.97,2.97
I00956,O00048,P0396,3,1625.44,20.97
I00957,O00062,P0469,-4,9547.76,43.41
I00958,O00354,P0488,1,2298.17,58.46
I00959,O00871,P0042,5,3702.74,33.23
I00960,O00943,P0434,1,9128.28,25.2
I00961,O00856,P0174,3,9911.29,26.33
I00962,O00858,P0491,4,1496.36,39.11
I00963,O00405,P0492,2,480.69,12.81
I00964,O00167,P0495,3,3126.35,92.12
I00965,O00604,P0210,2,7467.13,92.01
I00966,O00919,P0101,1,6858.41,55.81
I00967,O00362,P0388,1,7970.0,49.6
I00968,O00971,P0282,3,9108.34,99.9
I00969,O00764,P0063,2,2907.13,9.07
I00970,O00424,P0186,2,2012.12,65.58
I00971,O00091,P0494,3,2965.75,77.07
I00972,O00471,P0432,5,6539.98,83.56
I00973,O00525,P0466,5,3336.49,93.76
I00974,O00742,P0286,1,5886.83,30.47
I00975,O00322,P0061,1,7560.5,99.62
I00976,O00628,P0237,3,9179.06,66.39
I00977,O00904,P0003,5,2026.89,24.94
I00978,O00842,P0271,5,4911.73,87.97
I00979,O00935,P0372,1,8576.72,58.46
I00980,O00570,P0423,4,8534.41,57.86
I00981,O00567,P0350,3,3423.44,87.31
I00982,O00969,P0413,1,3724.92,54.5
I00983,O00196,P0229,3,7069.99,57.34
I00984,O00234,P0093,3,1615.78,83.5
I00985,O00026,P0262,4,8351.31,73.39
I00986,O00787,P0023,3,8023.72,53.18
I00987,O00287,P0233,5,643.55,31.72
I00988,O00461,P0025,5,3788.02,87.95
I00989,O00998,P0156,5,1431.64,91.42
I00990,O00917,P0072,-3,7651.28,39.07
I00991,O00929,P0317,2,7160.73,66.95
I00992,O00957,P0150,5,4658.82,1.86
I00993,O00268,P0460,3,8490.44,18.34
I00994,O00265,P0141,4,2559.24,69.08
I00995,O00930,P0407,4,8894.99,82.18
I00996,O00056,P0143,5,3950.33,58.32
I00997,O00753,P0469,1,2202.29,1.32
I00998,O00285,P0487,5,2308.27,65.94
I00999,O00328,P0197,5,294.18,66.72
I01000,O00604,P0279,5,5583.94,51.75
I01001,O00559,P0416,2,504.69,30.54
I01002,O00761,P0309,5,5293.61,87.22
I01003,O00446,P0005,2,5137.43,46.39
I01004,O00920,P0249,1,2043.58,39.47
I01005,O00741,P0008,5,7827.82,72.54
I01006,O00025,P0488,2,5092.62,88.11
I01007,O00561,P0135,3,423.67,35.45
I01008,O00142,P0075,2,632.27,42.05
I01009,O00298,P0281,3,8812.75,79.05
I01010,O00110,P0489,5,694.71,35.6
I01011,O00779,P0409,3,8151.72,17.64
I01012,O00084,P0164,3,3148.78,91.36
I01013,O00532,P0142,5,8829.28,53.5
I01014,O00956,P0250,4,7251.52,27.29
I01015,O00596,P0182,1,5811.69,24.74
I01016,O00123,P0435,5,5780.36,9.86
I01017,O00230,P0173,3,9351.05,74.66
I01018,O00520,P0099,3,613.67,76.43
I01019,O00532,P0017,2,4699.53,18.74
I01020,O00036,P0024,1,2185.97,55.15
I01021,O00478,P0155,4,5994.0,74.79
I01022,O00646,P0266,2,3598.36,62.57
I01023,O00570,P0482,-2,8856.93,87.64
I01024,O00238,P0049,4,2362.8,5.56
I01025,O00746,P0350,4,9408.99,15.09
I01026,O00656,P0384,5,8695.86,68.85
I01027,O00448,P0480,2,4534.05,79.26
I01028,O00400,P0483,5,9177.03,21.07
I01029,O00200,P0140,2,4994.06,3.05
I01030,O00553,P0488,1,9617.04,47.5
I01031,O00259,P0001,4,5667.85,71.47
I01032,O00638,P0235,2,9342.55,64.71
I01033,O00874,P0340,5,1686.21,47.24
I01034,O00158,P0476,2,8282.94,83.05
I01035,O00877,P0235,4,2165.89,72.65
I01036,O00034,P0052,4,3527.08,1.74
I01037,O00712,P0412,5,4933.0,25.55
I01038,O00523,P0314,2,9218.39,82.08
I01039,O00179,P0177,4,6856.36,41.11
I01040,O00630,P0354,3,8485.84,76.69
I01041,O00068,P0330,5,1281.17,1.28
I01042,O00299,P0434,1,6768.69,87.23
I01043,O00400,P0390,2,350.17,53.62
I01044,O00776,P0305,5,3099.04,83.68
I01045,O00113,P0338,1,3618.6,71.96
I01046,O00798,P0164,5,6188.69,81.53
I01047,O00599,P0466,5,2540.21,93.04
I01048,O00804,P0228,3,8405.36,38.64
I01049,O00941,P0493,3,3079.43,84.39
I01050,O00122,P0213,1,7802.9,5.15
I01051,O00836,P0085,4,4927.36,29.19
I01052,O00035,P0127,4,9455.8,58.9
I01053,O00815,P0167,3,3180.91,21.1
I01054,O00127,P0288,3,8142.56,99.1
I01055,O00796,P0251,4,9069.42,35.92
I01056,O00715,P0290,-3,5779.97,98.47
I01057,O00811,P0261,3,2862.2,11.89
I01058,O00665,P0137,4,3131.61,35.78
I01059,O00471,P0333,2,8172.57,5.81
I01060,O00315,P0265,3,6786.15,43.28
I01061,O00483,P0134,3,1139.21,27.64
I01062,O00903,P0482,1,6867.22,92.01
I01063,O00037,P0315,2,8700.68,46.65
I01064,O00759,P0012,1,9820.04,85.32
I01065,O00843,P0335,1,7852.43,11.66
I01066,O00720,P0060,3,626.54,27.86
I01067,O00218,P0483,2,1635.44,10.93
I01068,O00622,P0260,3,6177.12,84.24
I01069,O00629,P0415,3,1945.91,60.91
I01070,O00638,P0384,1,1499.51,49.8
I01071,O00191,P0402,5,9554.84,59.08
I01072,O00591,P0219,2,3324.97,9.71
I01073,O00780,P0063,1,1443.38,48.97
I01074,O00686,P0327,4,1777.11,47.72
I01075,O00817,P0156,3,2012.58,10.94
I01076,O00430,P0418,4,3537.11,7.7
I01077,O00612,P0424,4,5203.68,9.36
I01078,O00911,P0378,1,8298.36,18.9
I01079,O00578,P0387,5,4841.84,51.51
I01080,O00147,P0115,3,1377.74,77.95
I01081,O00469,P0474,2,7589.24,53.55
I01082,O00578,P0391,3,4675.18,85.65
I01083,O00588,P0231,5,8844.19,35.36
I01084,O00767,P0466,1,9716.18,98.0
I01085,O00609,P0286,2,6623.76,44.52
I01086,O00532,P0439,5,9246.93,3.05
I01087,O00538,P0385,1,1622.53,60.62
I01088,O00580,P0436,3,5099.05,49.06
I01089,O00904,P0131,-3,4990.46,70.34
I01090,O00675,P0440,1,5693.43,2.92
I01091,O00608,P0217,1,4160.61,44.09
I01092,O00204,P0203,5,7462.9,56.67
I01093,O00148,P0168,1,2748.99,13.02
I01094,O00135,P0483,3,5948.68,77.46
I01095,O00340,P0408,5,3862.53,34.76
I01096,O00670,P0201,2,3852.18,44.35
I01097,O00071,P0108,1,5215.91,17.47
I01098,O00366,P0142,4,1435.99,25.11
I01099,O00673,P0145,2,1384.05,33.09
I01100,O00884,P0417,4,7132.55,31.87
I01101,O00135,P0343,3,4793.63,59.94
I01102,O00971,P0164,3,6048.59,31.56
I01103,O00827,P0219,2,3596.68,30.57
I01104,O00571,P0200,5,3321.92,13.89
I01105,O00652,P0029,4,9102.85,54.18
I01106,O00669,P0268,5,7261.26,35.66
I01107,O00414,P0388,4,8772.31,32.2
I01108,O00299,P0197,3,5575.19,9.1
I01109,O00447,P0244,2,1847.42,95.05
I01110,O00629,P0421,1,4959.9,11.43
I01111,O00409,P0431,1,1182.19,43.18
I01112,O00565,P0177,4,8827.76,36.67
I01113,O00156,P0427,4,7575.1,71.1
I01114,O00934,P0309,4,9819.65,77.48
I01115,O00471,P0466,3,9472.29,84.7
I01116,O00993,P0027,3,8427.36,80.04
I01117,O00499,P0482,5,8696.8,32.05
I01118,O00441,P0211,1,4466.62,25.9
I01119,O00526,P0191,4,1708.75,53.58
I01120,O00407,P0205,5,2372.54,7.0
I01121,O00087,P0389,1,9428.09,6.11
I01122,O00486,P0263,-2,8647.24,19.03
I01123,O00394,P0490,2,7074.25,19.75
I01124,O00623,P0408,2,1459.6,64.93
I01125,O00771,P0254,2,2049.21,54.61
I01126,O00265,P0195,1,936.81,27.02
I01127,O00498,P0402,1,524.58,15.3
I01128,O00710,P0083,5,3767.33,27.42
I01129,O00074,P0213,4,3844.91,79.93
I01130,O00042,P0481,2,387.86,69.16
I01131,O00822,P0136,4,7380.01,38.11
I01132,O00208,P0280,2,6249.41,67.84
I01133,O00108,P0477,4,5365.6,36.93
I01134,O00568,P0250,2,7292.18,86.32
I01135,O00820,P0427,1,9651.57,76.38
I01136,O00656,P0161,4,3074.25,57.33
I01137,O00596,P0424,2,3289.64,8.06
I01138,O00128,P0499,1,5508.48,34.29
I01139,O00578,P0109,1,625.19,50.3
I01140,O00620,P0199,4,786.65,45.56
I01141,O00493,P0170,3,9927.24,20.59
I01142,O00459,P0318,3,8170.41,41.16
I01143,O00111,P0063,4,9339.64,65.5
I01144,O00579,P0071,2,8060.48,14.23
I01145,O00528,P0243,2,8765.26,16.17
I01146,O00253,P0445,1,6002.85,60.52
I01147,O00103,P0217,4,7779.69,9.5
I01148,O00360,P0401,2,4119.56,82.3
I01149,O00298,P0284,4,9414.82,17.97
I01150,O00242,P0226,5,1343.61,91.34
I01151,O00972,P0149,5,3002.6,36.34
I01152,O00387,P0058,2,6025.96,93.97
I01153,O00593,P0374,4,9085.61,78.8
I01154,O00082,P0228,5,7306.12,10.59
I01155,O00329,P0326,-2,3428.55,16.04
I01156,O00950,P0440,1,3731.29,95.97
I01157,O00558,P0337,1,1606.11,21.2
I01158,O00193,P0267,3,2607.42,26.08
I01159,O00843,P0116,1,9759.96,22.63
I01160,O00136,P0261,4,5732.91,60.33
I01161,O00651,P0388,5,9673.15,88.37
I01162,O00439,P0439,1,7765.54,7.8
I01163,O00874,P0154,3,7052.72,94.54
I01164,O00601,P0067,1,2796.2,25.2
I01165,O00855,P0412,1,8015.15,8.65
I01166,O00442,P0114,3,355.9,8.81
I01167,O00898,P0426,4,800.21,20.66
I01168,O00266,P0339,1,2132.02,21.07
I01169,O00395,P0118,2,6871.45,13.09
I01170,O00159,P0227,5,3949.99,48.41
I01171,O00065,P0375,2,7671.75,8.17
I01172,O00635,P0094,1,6040.58,43.93
I01173,O00061,P0027,3,2375.17,43.5
I01174,O00840,P0217,5,6401.73,1.07
I01175,O00947,P0247,3,6959.85,60.11
I01176,O00685,P0219,1,8102.99,9.62
I01177,O00391,P0216,1,5420.32,36.26
I01178,O00126,P0285,1,2539.15,86.86
I01179,O00762,P0256,1,2387.07,51.24
I01180,O00568,P0309,4,6228.47,19.11
I01181,O00756,P0478,1,8260.23,40.15
I01182,O00223,P0447,4,4264.11,7.01
I01183,O00453,P0165,2,9362.15,19.29
I01184,O00815,P0263,3,6580.64,35.69
I01185,O00915,P0395,1,669.67,89.65
I01186,O00485,P0201,2,7422.22,2.7
I01187,O00113,P0028,1,1444.51,42.36
I01188,O00211,P0482,-2,834.66,98.79
I01189,O00605,P0169,5,1039.15,86.92
I01190,O00115,P0083,2,2875.74,2.22
I01191,O00434,P0140,2,7417.49,63.02
I01192,O00068,P0419,1,8329.25,7.92
I01193,O00172,P0475,2,4662.53,37.92
I01194,O00533,P0484,4,3633.86,13.02
I01195,O00602,P0329,4,797.86,46.93
I01196,O00029,P0341,2,1635.46,21.42
I01197,O00840,P0040,2,5541.28,46.61
I01198,O00878,P0322,2,816.62,96.26
I01199,O00002,P0414,3,3251.9,64.87
I01200,O00420,P0388,1,8763.74,47.74
I01201,O00378,P0011,2,3568.18,43.33
I01202,O00119,P0144,2,628.32,38.01
I01203,O00528,P0064,5,4065.05,98.53
I01204,O00277,P0391,2,6500.87,76.96
I01205,O00565,P0172,5,1693.04,44.76
I01206,O00427,P0406,3,8181.38,46.53
I01207,O00235,P0420,4,2026.36,56.81
I01208,O00154,P0214,4,1490.84,53.93
I01209,O00990,P0351,4,3192.56,14.91
I01210,O00600,P0261,5,2747.2,99.97
I01211,O00462,P0034,3,8468.52,23.32
I01212,O00380,P0251,3,5494.11,4.09
I01213,O00578,P0207,4,240.6,57.32
I01214,O00103,P0207,4,2178.05,49.86
I01215,O00943,P0402,3,2863.9,80.15
I01216,O00011,P0377,3,255.6,28.67
I01217,O00394,P0496,1,2183.04,23.04
I01218,O00758,P0299,1,5980.53,17.91
I01219,O00586,P0311,2,8334.72,16.65
I01220,O00724,P0399,5,8655.11,70.35
I01221,O00845,P0432,-5,8676.53,9.83
I01222,O00826,P0043,4,4053.43,98.24
I01223,O00946,P0459,5,388.12,11.61
I01224,O00671,P0398,4,1110.17,87.08
I01225,O00200,P0079,4,6422.99,8.2
I01226,O00744,P0213,2,863.42,67.35
I01227,O00773,P0070,4,1663.96,71.36
I01228,O00799,P0038,3,8332.1,50.26
I01229,O00543,P0015,5,5153.4,25.4
I01230,O00679,P0257,4,6741.67,77.33
I01231,O00051,P0049,5,5303.98,40.93
I01232,O00401,P0474,1,1358.47,78.67
I01233,O00901,P0459,3,8959.73,29.55
I01234,O00999,P0125,2,5964.74,48.09
I01235,O00255,P0134,4,718.96,72.28
I01236,O00318,P0022,4,4442.42,98.48
I01237,O00610,P0040,3,8797.11,66.51
I01238,O00889,P0226,1,3155.52,68.54
I01239,O00629,P0401,4,4205.43,5.4
I01240,O00171,P0454,3,1688.27,85.44
I01241,O00061,P0007,2,3681.63,79.13
I01242,O00187,P0404,4,8408.56,71.98
I01243,O00801,P0105,2,1334.12,8.9
I01244,O00481,P0224,2,4028.99,56.1
I01245,O00560,P0402,3,2085.99,28.41
I01246,O00744,P0200,5,7680.07,43.87
I01247,O00809,P0451,5,5652.82,36.08
I01248,O00507,P0419,4,6861.26,1.41
I01249,O00617,P0049,2,6793.6,67.61
I01250,O00083,P0105,3,4447.28,53.67
I01251,O00374,P0384,1,5109.17,14.29
I01252,O00762,P0031,4,4997.18,25.62
I01253,O00742,P0471,1,3574.28,70.65
I01254,O00310,P0397,-2,644.79,7.37
I01255,O00567,P0128,3,2204.05,17.01
I01256,O00620,P0398,1,8298.87,72.44
I01257,O00762,P0456,2,1946.2,54.69
I01258,O00504,P0191,3,9041.12,73.62
I01259,O00130,P0257,2,6378.39,49.33
I01260,O00667,P0414,5,2912.72,14.62
I01261,O00285,P0012,1,7782.99,96.46
I01262,O00909,P0046,4,4936.53,40.19
I01263,O00139,P0300,5,7366.43,63.03
I01264,O00380,P0231,3,8083.16,10.23
I01265,O00850,P0470,3,3486.13,14.49
I01266,O00437,P0143,3,4415.85,90.76
I01267,O00987,P0168,2,9590.65,54.21
I01268,O00925,P0434,1,4421.91,90.19
I01269,O00776,P0342,5,1685.99,79.87
I01270,O00202,P0320,4,6571.9,61.7
I01271,O00246,P0209,4,7465.09,52.51
I01272,O00523,P0082,4,5809.35,94.91
I01273,O00442,P0275,4,373.88,14.17
I01274,O00034,P0325,2,4841.47,22.84
I01275,O00067,P0356,2,8067.86,39.67
I01276,O00029,P0309,1,1110.87,59.81
I01277,O00764,P0400,1,7329.64,32.93
I01278,O00860,P0380,4,4919.23,86.57
I01279,O00992,P0324,2,7853.16,34.26
I01280,O00064,P0136,3,8396.54,48.17
I01281,O00468,P0216,2,5116.3,18.77
I01282,O00963,P0203,2,6929.06,89.16
I01283,O00004,P0139,1,8184.65,2.77
I01284,O00689,P0386,3,9546.82,12.27
I01285,O00944,P0493,4,5014.23,90.37
I01286,O00606,P0290,3,6053.15,18.86
I01287,O00614,P0073,-3,2005.3,0.16
I01288,O00176,P0087,2,1345.37,41.92
I01289,O00799,P0319,3,3343.93,40.73
I01290,O00146,P0345,3,4221.88,26.8
I01291,O00188,P0168,2,7096.59,34.06
I01292,O00565,P0385,4,4857.79,15.9
I01293,O00972,P0490,4,3793.65,98.36
I01294,O00785,P0033,3,8812.26,48.06
I01295,O00597,P0264,3,5282.74,38.22
I01296,O00099,P0192,2,4225.57,94.71
I01297,O00229,P0257,3,6429.83,40.51
I01298,O00970,P0031,1,3559.91,31.84
I01299,O00340,P0220,5,9377.42,25.82
I01300,O00417,P0192,5,3266.98,5.95
I01301,O00821,P0215,5,9009.09,56.86
I01302,O00478,P0413,4,9694.06,84.32
I01303,O00215,P0357,5,2896.3,15.09
I01304,O00264,P0432,1,5564.01,30.68
I01305,O00334,P0172,1,5224.92,0.22
I01306,O00222,P0218,3,5015.66,95.57
I01307,O00677,P0051,5,5669.05,22.79
I01308,O00159,P0037,1,4070.56,49.09
I01309,O00164,P0140,1,4632.1,27.55
I01310,O00843,P0318,1,573.49,34.49
I01311,O00769,P0368,5,6978.92,58.26
I01312,O00727,P0119,3,2560.12,80.98
I01313,O00092,P0320,4,2848.6,10.42
I01314,O00617,P0008,1,6474.92,77.13
I01315,O00822,P0153,2,747.72,57.69
I01316,O00787,P0328,4,4738.3,54.45
I01317,O00404,P0229,1,5552.46,12.02
I01318,O00923,P0137,3,7787.93,44.69
I01319,O00270,P0076,2,6580.2,20.8
I01320,O00115,P0028,-2,4592.2,58.81
I01321,O00764,P0240,1,8191.74,10.82
I01322,O00203,P0003,1,1190.97,21.75
I01323,O00802,P0458,2,6100.61,71.58
I01324,O00869,P0007,3,3231.28,72.07
I01325,O00562,P0169,1,9137.53,66.33
I01326,O00522,P0401,1,6703.99,59.34
I01327,O00068,P0183,2,5286.5,7.99
I01328,O00032,P0140,2,8208.25,3.89
I01329,O00313,P0330,4,5429.09,84.84
I01330,O00929,P0124,2,8359.75,84.11
I01331,O00919,P0039,4,994.64,67.58
I01332,O00697,P0091,1,3023.12,98.47
I01333,O00249,P0045,1,2734.64,5.49
I01334,O00152,P0308,5,6422.44,49.37
I01335,O00081,P0138,1,1411.96,54.85
I01336,O00380,P0484,1,8726.16,8.21
I01337,O00045,P0360,1,9879.47,27.76
I01338,O00474,P0024,2,6930.7,56.16
I01339,O00091,P0396,2,2306.66,24.85
I01340,O00800,P0266,5,6541.61,43.37
I01341,O00332,P0490,1,3993.26,21.57
I01342,O00567,P0324,3,1994.52,63.49
I01343,O00955,P0198,4,5302.47,23.31
I01344,O00483,P0271,4,6542.41,50.09
I01345,O00458,P0330,1,3485.29,0.47
I01346,O00082,P0254,5,9282.32,13.75
I01347,O00396,P0483,1,3338.21,96.81
I01348,O00033,P0485,1,4474.59,18.59
I01349,O00793,P0367,1,7869.82,52.4
I01350,O00408,P0170,1,2535.63,86.47
I01351,O00204,P0084,1,1345.94,71.57
I01352,O00673,P0488,5,4678.18,47.87
I01353,O00585,P0041,-5,4875.65,34.89
I01354,O00602,P0417,5,3227.62,51.6
I01355,O00760,P0002,5,8960.26,21.68
I01356,O00059,P0113,2,5161.3,79.33
I01357,O00379,P0476,2,2003.09,3.65
I01358,O00074,P0045,4,1515.87,37.3
I01359,O00296,P0011,1,4079.21,94.65
I01360,O00089,P0496,3,5319.56,62.24
I01361,O00266,P0351,2,5263.06,68.33
I01362,O00611,P0429,3,2555.04,36.06
I01363,O00804,P0087,2,4392.83,46.78
I01364,O00724,P0106,4,4273.91,99.41
I01365,O00738,P0348,3,6494.11,60.72
I01366,O00798,P0024,1,9411.65,52.0
I01367,O00287,P0033,5,2011.78,17.57
I01368,O00661,P0104,1,3709.33,90.53
I01369,O00601,P0168,3,5062.96,37.52
I01370,O00899,P0050,2,2357.55,19.19
I01371,O00181,P0244,3,7009.1,29.7
I01372,O00668,P0495,3,516.32,73.64
I01373,O00499,P0280,1,9057.83,55.41
I01374,O00091,P0497,5,7068.2,63.51
I01375,O00306,P0133,2,5644.9,57.74
I01376,O00875,P0329,2,377.02,82.07
I01377,O00666,P0310,3,6501.08,77.25
I01378,O00340,P0297,3,5544.48,4.51
I01379,O00994,P0010,5,9040.4,47.37
I01380,O00216,P0172,3,7473.77,99.4
I01381,O00890,P0039,5,1810.35,5.84
I01382,O00592,P0094,2,6830.76,3.67
I01383,O00836,P0295,3,9800.49,10.84
I01384,O00663,P0225,2,6911.05,81.21
I01385,O00103,P0030,3,2940.92,54.36
I01386,O00485,P0155,-4,7327.63,28.95
I01387,O00139,P0098,5,5650.85,30.34
I01388,O00028,P0390,2,8207.58,24.98
I01389,O00104,P0195,2,2705.13,36.12
I01390,O00299,P0350,1,4612.88,19.73
I01391,O00391,P0458,4,8968.58,49.27
I01392,O00241,P0202,4,9073.81,87.22
I01393,O00426,P0423,4,948.57,52.98
I01394,O00482,P0262,1,4287.69,21.68
I01395,O00231,P0046,3,4152.44,55.77
I01396,O00516,P0378,4,4849.36,68.28
I01397,O00927,P0122,5,8754.35,17.47
I01398,O00932,P0121,3,8765.71,60.49
I01399,O00173,P0241,5,7976.9,55.38
I01400,O00457,P0351,5,2352.12,54.57
I01401,O00352,P0213,1,7030.06,28.67
I01402,O00583,P0489,4,9054.7,76.97
I01403,O00588,P0403,3,9471.56,99.05
I01404,O00299,P0347,2,9747.94,24.47
I01405,O00397,P0313,2,547.06,10.02
I01406,O00309,P0163,4,8024.69,82.77
I01407,O00042,P0140,4,7230.87,13.69
I01408,O00386,P0489,5,367.25,85.61
I01409,O00354,P0262,5,6521.29,20.96
I01410,O00645,P0127,2,6202.84,30.27
I01411,O00231,P0367,3,1036.53,44.7
I01412,O00960,P0341,1,2445.66,57.79
I01413,O00256,P0038,2,9106.25,90.98
I01414,O00297,P0117,1,855.06,48.31
I01415,O00883,P0476,3,7442.2,75.53
I01416,O00275,P0308,1,4313.63,35.87
I01417,O00395,P0263,2,4132.29,54.08
I01418,O00993,P0150,4,7539.44,27.52
I01419,O00799,P0425,-3,7157.79,28.17
I01420,O00090,P0018,2,1894.63,51.83
I01421,O00523,P0326,5,2865.8,19.19
I01422,O00403,P0350,2,1452.68,87.39
I01423,O00997,P0339,1,3341.53,51.68
I01424,O00603,P0376,3,8455.95,20.72
I01425,O00765,P0141,3,5452.39,70.76
I01426,O00715,P0398,1,3605.44,53.24
I01427,O00888,P0321,1,2406.46,65.33
I01428,O00612,P0474,1,6812.61,75.27
I01429,O00704,P0157,4,3523.7,75.65
I01430,O00844,P0087,2,1786.26,99.51
I01431,O00507,P0142,3,293.42,49.67
I01432,O00611,P0232,3,8435.94,51.14
I01433,O00313,P0085,5,8652.49,28.06
I01434,O00813,P0044,5,4674.45,74.62
I01435,O00270,P0054,1,8919.13,80.79
I01436,O00896,P0229,4,5174.33,61.26
I01437,O00531,P0498,5,4765.58,0.64
I01438,O00749,P0433,1,3937.33,3.06
I01439,O00644,P0399,3,9141.21,15.7
I01440,O00736,P0454,2,2091.07,15.86
I01441,O00532,P0328,3,3521.71,9.7
I01442,O00294,P0428,3,5475.8,53.41
I01443,O00863,P0024,4,9938.27,67.87
I01444,O00408,P0134,1,6951.83,32.1
I01445,O00494,P0161,2,5724.94,45.86
I01446,O00645,P0034,3,9397.4,91.41
I01447,O00458,P0402,1,2999.85,65.71
I01448,O00937,P0284,3,5951.38,93.79
I01449,O00746,P0306,3,9252.92,61.49
I01450,O00320,P0327,5,7402.1,53.19
I01451,O00001,P0277,4,9503.44,82.17
I01452,O00502,P0247,-1,7643.04,44.23
I01453,O00750,P0168,3,6707.21,93.08
I01454,O00958,P0292,4,4260.12,83.81
I01455,O00394,P0234,5,2390.26,98.83
I01456,O00456,P0399,4,6437.88,23.93
I01457,O00346,P0432,1,2761.55,32.09
I01458,O00700,P0227,3,2148.15,90.93
I01459,O00418,P0392,1,8100.67,82.17
I01460,O00111,P0239,2,4550.47,2.65
I01461,O00365,P0377,4,4544.59,21.49
I01462,O00550,P0197,3,9475.62,77.5
I01463,O00789,P0270,4,3369.18,28.57
I01464,O00527,P0033,4,4336.41,74.83
I01465,O00788,P0011,2,8819.27,11.72
I01466,O00360,P0211,3,2533.72,4.61
I01467,O00763,P0017,5,1686.27,30.55
I01468,O00445,P0217,1,1846.51,1.08
I01469,O00887,P0326,1,970.12,0.52
I01470,O00193,P0429,3,9414.95,30.61
I01471,O00483,P0442,4,8736.65,70.39
I01472,O00779,P0261,4,3821.07,33.49
I01473,O00643,P0064,1,6472.73,52.45
I01474,O00480,P0185,4,5030.5,13.05
I01475,O00219,P0018,1,4432.98,29.3
I01476,O00822,P0250,3,6235.57,81.37
I01477,O00095,P0200,5,7900.24,39.6
I01478,O00830,P0208,5,641.48,0.57
I01479,O00131,P0111,2,855.3,87.88
I01480,O00385,P0314,1,9061.54,42.09
I01481,O00823,P0166,5,3304.83,27.83
I01482,O00450,P0001,2,3991.56,37.68
I01483,O00478,P0065,2,6439.76,94.6
I01484,O00504,P0389,3,1137.75,59.42
I01485,O00385,P0299,-5,3220.62,75.49
I01486,O00275,P0437,5,2883.45,60.75
I01487,O00652,P0419,5,5702.82,91.51
I01488,O00644,P0314,2,5099.99,97.82
I01489,O00952,P0396,3,6829.48,73.29
I01490,O00242,P0081,1,8881.84,76.3
I01491,O00614,P0063,3,9695.31,23.81
I01492,O00564,P0441,5,6734.03,32.82
I01493,O00358,P0187,4,5380.25,50.12
I01494,O00125,P0316,4,2834.98,87.27
I01495,O00722,P0322,3,726.81,77.95
I01496,O00814,P0449,3,6298.09,57.99
I01497,O00927,P0180,3,7682.57,32.0
I01498,O00990,P0074,5,4615.51,23.38
I01499,O00509,P0286,5,2100.31,84.0
I01500,O00943,P0396,1,2001.0,93.74
I01501,O00369,P0129,1,8923.77,14.89
I01502,O00210,P0268,5,9577.55,35.82
I01503,O00745,P0402,5,9464.76,85.77
I01504,O00178,P0017,5,4207.18,75.54
I01505,O00686,P0477,3,8253.19,64.32
I01506,O00821,P0256,2,8968.58,40.73
I01507,O00936,P0492,2,7060.3,34.07
I01508,O00151,P0277,4,6275.49,79.1
I01509,O00220,P0374,1,6175.26,30.56
I01510,O00363,P0009,4,1501.78,69.31
I01511,O00698,P0170,4,8595.66,58.78
I01512,O00202,P0433,1,2461.97,95.11
I01513,O00307,P0321,3,5550.67,35.09
I01514,O00126,P0195,2,2986.74,13.61
I01515,O00528,P0434,2,6328.52,20.64
I01516,O00049,P0371,2,8104.44,32.22
I01517,O00713,P0003,2,8112.27,69.0
I01518,O00305,P0192,-4,7650.73,10.4
I01519,O00051,P0127,4,4178.14,81.05
I01520,O00020,P0262,5,3745.97,74.23
I01521,O00890,P0211,1,8961.78,46.05
I01522,O00959,P0337,3,3564.02,5.98
I01523,O00790,P0466,5,7893.26,99.04
I01524,O00579,P0387,4,3879.22,68.31
I01525,O00517,P0227,5,936.3,61.84
I01526,O00215,P0033,4,2682.93,34.86
I01527,O00686,P0471,5,1216.94,21.88
I01528,O00075,P0022,5,7736.95,96.85
I01529,O00565,P0485,5,3751.89,79.84
I01530,O00212,P0108,4,9446.28,57.42
I01531,O00016,P0016,2,2384.75,65.46
I01532,O00158,P0449,4,4691.31,97.66
I01533,O00014,P0190,2,532.61,34.58
I01534,O00044,P0205,5,2474.6,58.22
I01535,O00131,P0158,4,5060.79,17.09
I01536,O00512,P0234,5,923.1,81.13
I01537,O00531,P0451,2,413.89,81.69
I01538,O00571,P0277,1,9989.52,52.29
I01539,O00548,P0345,5,5704.55,56.39
I01540,O00617,P0219,2,5076.44,21.64
I01541,O00005,P0253,4,5281.87,21.51
I01542,O00922,P0200,1,2654.59,77.13
I01543,O00448,P0425,5,8532.27,82.92
I01544,O00886,P0495,2,9292.35,33.16
I01545,O00134,P0096,4,445.9,32.18
I01546,O00628,P0266,4,9582.23,79.14
I01547,O00785,P0429,1,9360.26,3.76
I01548,O00146,P0481,1,7727.88,66.25
I01549,O00684,P0060,5,1887.14,13.26
I01550,O00587,P0380,2,4018.51,34.32
I01551,O00325,P0195,-1,6145.96,52.59
I01552,O00092,P0195,1,2666.44,59.14
I01553,O00254,P0095,4,2695.62,78.95
I01554,O00988,P0005,3,8135.31,14.64
I01555,O00439,P0227,4,7948.59,8.39
I01556,O00408,P0272,3,854.76,77.72
I01557,O00398,P0354,5,8829.87,91.33
I01558,O00586,P0492,4,7442.8,36.58
I01559,O00476,P0070,1,3202.43,13.57
I01560,O00762,P0115,1,2305.43,64.87
I01561,O00471,P0492,5,8318.41,66.82
I01562,O00644,P0083,5,4309.76,7.74
I01563,O00764,P0172,1,384.91,22.65
I01564,O00355,P0297,5,4529.7,83.17
I01565,O00379,P0322,1,1698.79,4.59
I01566,O00641,P0038,2,5419.9,73.8
I01567,O00690,P0256,3,2176.72,96.62
I01568,O00557,P0323,3,651.17,31.65
I01569,O00721,P0319,2,9543.91,20.73
I01570,O00911,P0203,1,3830.63,50.9
I01571,O00754,P0183,2,5005.06,27.82
I01572,O00813,P0312,2,8381.8,33.84
I01573,O00170,P0017,4,7056.41,33.92
I01574,O00769,P0328,4,7324.11,63.29
I01575,O00687,P0374,1,7779.25,90.29
I01576,O00681,P0156,3,9166.35,89.72
I01577,O00596,P0414,5,6269.66,9.16
I01578,O00753,P0225,3,2218.97,14.15
I01579,O00036,P0015,3,7501.02,81.72
I01580,O00274,P0061,2,1198.19,61.77
I01581,O00960,P0268,3,6809.8,89.05
I01582,O00450,P0084,2,7352.43,82.12
I01583,O00320,P0246,5,4214.7,49.64
I01584,O00763,P0281,-4,3884.06,53.51
I01585,O00214,P0276,4,4403.96,45.31
I01586,O00891,P0396,1,4194.81,94.46
I01587,O00255,P0267,1,3034.6,84.09
I01588,O00225,P0047,3,6224.58,20.75
I01589,O00955,P0498,4,5339.46,72.75
I01590,O00965,P0096,3,3143.81,4.21
I01591,O00919,P0159,2,2744.65,43.78
I01592,O00582,P0238,1,493.18,94.66
I01593,O00323,P0234,4,4015.04,39.82
I01594,O00148,P0413,2,676.24,45.9
I01595,O00188,P0115,4,306.08,29.67
I01596,O00992,P0444,3,6739.44,53.74
I01597,O00251,P0168,1,3830.0,40.1
I01598,O00405,P0058,1,7032.48,74.89
I01599,O00052,P0015,2,2389.19,80.86
I01600,O00222,P0297,5,1403.77,38.57
I01601,O00380,P0087,4,4989.01,35.89
I01602,O00805,P0276,5,5225.62,68.31
I01603,O00353,P0042,1,3503.47,77.39
I01604,O00745,P0480,1,748.46,69.77
I01605,O00291,P0140,4,9079.08,72.32
I01606,O00267,P0350,3,2824.47,38.0
I01607,O00027,P0394,5,7773.23,17.89
I01608,O00560,P0466,3,9600.45,32.84
I01609,O00412,P0471,3,6360.88,92.06
I01610,O00476,P0488,5,1356.34,99.62
I01611,O00293,P0340,5,2585.51,43.36
I01612,O00009,P0017,2,2891.93,17.91
I01613,O00247,P0451,2,2017.01,18.96
I01614,O00207,P0369,3,5066.82,38.98
I01615,O00267,P0356,2,5854.53,73.08
I01616,O00041,P0197,4,1934.22,9.44
I01617,O00252,P0170,-2,8504.0,77.55
I01618,O00892,P0258,4,5501.73,2.4
I01619,O00277,P0369,2,6562.73,93.73
I01620,O00550,P0379,4,1814.38,20.72
I01621,O00457,P0395,4,5757.34,47.35
I01622,O00910,P0011,3,7950.13,18.82
I01623,O00158,P0174,1,2592.83,83.23
I01624,O00427,P0447,5,2808.06,82.07
I01625,O00984,P0180,5,5041.58,99.14
I01626,O00222,P0451,3,7580.89,75.89
I01627,O00701,P0320,1,1416.52,58.16
I01628,O00959,P0143,3,9770.12,37.03
I01629,O00756,P0355,1,5970.79,96.34
I01630,O00196,P0022,3,7864.21,74.33
I01631,O00255,P0209,2,7154.81,58.72
I01632,O00351,P0291,1,1687.27,58.57
I01633,O00103,P0193,5,4226.67,36.13
I01634,O00376,P0285,1,5004.01,21.07
I01635,O00185,P0207,4,4913.46,27.96
I01636,O00492,P0284,2,8723.6,36.95
I01637,O00150,P0485,3,5608.29,55.89
I01638,O00592,P0295,1,9288.21,68.06
I01639,O00139,P0033,4,9497.43,3.42
I01640,O00976,P0394,1,5405.12,94.1
I01641,O00140,P0121,4,3835.23,26.93
I01642,O00242,P0144,5,8053.32,7.6
I01643,O00188,P0417,4,3169.29,62.18
I01644,O00860,P0370,2,8379.15,17.47
I01645,O00420,P0454,5,7982.1,69.32
I01646,O00898,P0421,1,4989.67,9.6
I01647,O00354,P0422,2,5533.66,8.92
I01648,O00997,P0461,5,9381.35,6.69
I01649,O00416,P0225,4,2056.41,46.18
I01650,O00877,P0364,-3,7802.84,54.62
I01651,O00689,P0428,3,1136.08,67.32
I01652,O00893,P0361,5,4790.35,13.83
I01653,O00478,P0294,4,8593.18,65.63
I01654,O00479,P0264,1,4030.29,84.2
I01655,O00545,P0116,3,218.52,29.43
I01656,O00367,P0488,3,5517.13,18.45
I01657,O00082,P0259,3,991.44,89.18
I01658,O00227,P0024,4,7871.64,31.86
I01659,O00075,P0021,1,7633.47,0.79
I01660,O00994,P0069,3,6178.89,67.44
I01661,O00314,P0306,4,4382.1,63.42
I01662,O00392,P0027,4,7864.18,15.31
I01663,O00369,P0423,4,9825.86,29.25
I01664,O00122,P0267,5,2813.77,60.28
I01665,O00097,P0220,2,9144.72,71.14
I01666,O00425,P0280,5,2098.72,6.36
I01667,O00485,P0011,5,329.94,26.24
I01668,O00200,P0325,3,9732.57,49.97
I01669,O00958,P0337,5,5769.42,90.85
I01670,O00391,P0316,2,8140.92,28.52
I01671,O00550,P0002,4,366.64,65.24
I01672,O00807,P0495,2,8584.22,41.67
I01673,O00112,P0477,5,6832.17,13.3
I01674,O00800,P0250,5,3945.46,46.17
I01675,O00428,P0004,2,8115.83,10.86
I01676,O00500,P0325,5,2412.15,43.28
I01677,O00445,P0059,1,2457.15,56.94
I01678,O00463,P0385,5,2789.72,69.11
I01679,O00290,P0435,3,1485.74,12.26
I01680,O00722,P0255,4,2165.41,42.83
I01681,O00528,P0116,1,1979.89,28.93
I01682,O00251,P0321,1,1172.99,76.68
I01683,O00018,P0130,-1,6678.07,39.27
I01684,O00319,P0497,4,8178.56,72.48
I01685,O00029,P0301,1,5865.69,16.69
I01686,O00899,P0442,3,7268.3,2.95
I01687,O00654,P0152,5,1764.18,69.44
I01688,O00034,P0407,1,1305.55,75.75
I01689,O00096,P0315,2,8372.93,61.14
I01690,O00334,P0438,2,9558.09,99.47
I01691,O00166,P0132,3,701.03,74.43
I01692,O00802,P0458,2,9440.48,8.76
I01693,O00529,P0232,1,3945.66,15.9
I01694,O00802,P0438,5,2754.9,71.39
I01695,O00102,P0326,1,1593.45,53.96
I01696,O00117,P0078,5,205.37,3.07
I01697,O00065,P0433,3,8162.4,21.4
I01698,O00334,P0096,3,9232.16,83.08
I01699,O00109,P0434,3,2028.38,65.03
I01700,O00272,P0008,2,5403.99,35.14
I01701,O00900,P0147,1,5178.24,58.25
I01702,O00879,P0284,2,320.42,92.92
I01703,O00577,P0031,2,5508.25,35.77
I01704,O00761,P0020,3,1731.79,10.05
I01705,O00268,P0412,4,3438.14,20.54
I01706,O00695,P0069,3,3476.61,1.17
I01707,O00499,P0150,2,6370.35,34.72
I01708,O00668,P0438,4,2898.63,18.28
I01709,O00750,P0310,2,6697.5,60.51
I01710,O00044,P0192,2,4679.65,84.6
I01711,O00388,P0350,5,3240.59,37.07
I01712,O00209,P0447,5,1715.76,19.15
I01713,O00752,P0144,2,1780.57,31.29
I01714,O00995,P0077,2,4478.67,10.12
I01715,O00088,P0489,4,1917.54,44.26
I01716,O00462,P0025,-3,7721.5,72.96
I01717,O00636,P0094,1,3069.81,97.14
I01718,O00345,P0039,4,1404.58,60.37
I01719,O00326,P0040,4,6954.45,7.86
I01720,O00803,P0473,2,6799.58,60.53
I01721,O00881,P0341,5,2103.95,66.1
I01722,O00141,P0340,3,992.21,46.33
I01723,O00674,P0204,5,5426.59,90.27
I01724,O00056,P0064,5,2018.71,4.56
I01725,O00766,P0011,2,4829.73,13.85
I01726,O00291,P0296,4,9498.48,61.94
I01727,O00026,P0032,3,3151.68,9.46
I01728,O00139,P0241,2,348.05,15.81
I01729,O00853,P0280,1,4836.37,88.38
I01730,O00595,P0097,2,3539.42,15.65
I01731,O00174,P0294,4,1985.9,14.83
I01732,O00151,P0389,1,4503.59,34.07
I01733,O00594,P0484,3,4964.63,81.92
I01734,O00615,P0439,5,1782.17,35.86
I01735,O00764,P0062,4,4686.12,29.6
I01736,O00178,P0346,5,7882.52,12.29
I01737,O00613,P0400,4,3644.79,21.71
I01738,O00377,P0455,2,7664.81,49.6
I01739,O00794,P0431,4,5142.79,46.85
I01740,O00343,P0142,3,5063.69,83.64
I01741,O00286,P0454,3,6601.8,44.79
I01742,O00265,P0169,3,7234.83,46.45
I01743,O00525,P0391,5,6153.69,28.62
I01744,O00712,P0187,1,1704.25,37.46
I01745,O00880,P0071,2,7743.02,84.05
I01746,O00119,P0338,4,1175.3,66.56
I01747,O00246,P0081,2,2814.84,84.32
I01748,O00568,P0166,5,9688.58,3.24
I01749,O00878,P0226,-1,5473.46,13.86
I01750,O00086,P0334,5,4430.11,64.42
I01751,O00311,P0305,1,8919.08,22.59
I01752,O00324,P0280,2,2645.94,66.2
I01753,O00300,P0074,4,2905.56,85.04
I01754,O00211,P0080,5,7872.46,21.26
I01755,O00133,P0078,2,3186.98,84.71
I01756,O00396,P0127,3,2246.6,77.58
I01757,O00217,P0110,1,1649.86,37.94
I01758,O00636,P0036,2,3223.65,11.22
I01759,O00883,P0144,5,5894.11,52.92
I01760,O00247,P0068,4,6165.16,37.12
I01761,O00188,P0383,3,8511.95,50.4
I01762,O00573,P0319,3,9838.72,20.1
I01763,O00750,P0381,3,2849.2,98.1
I01764,O00872,P0500,2,3842.99,56.12
I01765,O00361,P0120,4,4572.22,97.01
I01766,O00568,P0303,5,8269.0,19.69
I01767,O00921,P0346,5,2240.48,98.75
I01768,O00187,P0483,4,449.24,85.05
I01769,O00823,P0064,5,7426.57,0.79
I01770,O00104,P0050,5,5401.68,71.22
I01771,O00917,P0033,4,5426.62,91.48
I01772,O00612,P0009,1,6974.61,54.45
I01773,O00132,P0203,2,9214.28,40.18
I01774,O00685,P0289,3,2812.04,45.36
I01775,O00580,P0065,4,6845.19,59.67
I01776,O00949,P0298,4,4050.56,35.93
I01777,O00376,P0072,3,3786.45,53.18
I01778,O00415,P0100,1,5537.15,1.7
I01779,O00338,P0459,2,5745.54,95.79
I01780,O00911,P0010,5,4359.88,15.21
I01781,O00919,P0449,3,2497.21,45.17
I01782,O00189,P0478,-5,6771.37,91.85
I01783,O00221,P0013,3,6447.07,44.46
I01784,O00080,P0171,2,6947.7,13.72
I01785,O00946,P0216,5,6553.23,62.33
I01786,O00845,P0122,4,7804.16,20.51
I01787,O00525,P0374,1,6348.17,85.81
I01788,O00184,P0175,2,2890.03,70.55
I01789,O00676,P0169,3,4985.6,32.03
I01790,O00247,P0022,5,2152.78,60.94
I01791,O00257,P0379,5,6283.48,1.1
I01792,O00644,P0426,2,6532.8,92.34
I01793,O00342,P0225,2,8167.81,60.28
I01794,O00808,P0154,4,8653.62,59.64
I01795,O00612,P0351,1,889.79,91.01
I01796,O00411,P0247,3,660.13,60.15
I01797,O00524,P0029,3,2338.63,65.77
I01798,O00044,P0194,1,9629.67,92.92
I01799,O00853,P0108,1,4893.09,15.22
I01800,O00731,P0273,4,1327.29,81.84
I01801,O00158,P0274,4,4471.42,73.74
I01802,O00181,P0233,5,8181.41,91.07
I01803,O00228,P0045,2,8332.85,31.02
I01804,O00283,P0102,3,3268.67,0.38
I01805,O00278,P0012,1,9043.09,38.5
I01806,O00108,P0085,3,9665.05,24.3
I01807,O00798,P0184,5,7149.21,27.93
I01808,O00402,P0218,1,5277.65,85.5
I01809,O00444,P0158,4,2362.58,0.43
I01810,O00098,P0366,3,2605.16,10.17
I01811,O00783,P0381,2,3440.81,96.5
I01812,O00273,P0430,2,5192.13,96.29
I01813,O00577,P0053,1,5539.47,1.45
I01814,O00595,P0168,2,7073.6,47.08
I01815,O00922,P0316,-4,5394.27,70.46
I01816,O00259,P0193,1,3213.92,90.02
I01817,O00138,P0499,4,3425.03,6.6
I01818,O00215,P0009,3,7877.94,52.62
I01819,O00520,P0317,3,2427.74,99.19
I01820,O00433,P0366,5,2504.52,55.53
I01821,O00176,P0391,1,7281.14,33.76
I01822,O00966,P0353,1,3337.61,5.0
I01823,O00644,P0201,2,9623.07,78.63
I01824,O00418,P0491,3,2126.59,3.32
I01825,O00879,P0098,5,7240.85,55.96
I01826,O00564,P0074,5,1999.57,9.77
I01827,O00431,P0275,1,895.31,80.77
I01828,O00994,P0146,3,3613.77,53.42
I01829,O00491,P0495,5,6916.07,90.25
I01830,O00225,P0395,4,1113.23,59.78
I01831,O00789,P0498,4,4285.55,22.17
I01832,O00996,P0227,4,5887.3,7.2
I01833,O00797,P0071,5,2206.41,19.43
I01834,O00343,P0238,4,3477.42,83.65
I01835,O00121,P0251,5,7893.21,81.36
I01836,O00878,P0398,4,3471.46,37.97
I01837,O00355,P0057,4,2713.21,22.54
I01838,O00760,P0264,2,8768.16,55.07
I01839,O00783,P0087,3,3661.66,74.33
I01840,O00289,P0008,1,260.42,70.78
I01841,O00642,P0102,2,491.61,37.7
I01842,O00737,P0450,1,9306.29,62.61
I01843,O00977,P0255,2,9739.74,69.11
I01844,O00717,P0405,2,4840.35,98.28
I01845,O00058,P0489,2,8468.63,79.39
I01846,O00741,P0204,4,802.28,20.82
I01847,O00060,P0339,3,851.96,3.11
I01848,O00223,P0317,-2,6067.57,14.57
I01849,O00287,P0421,1,3364.71,25.47
I01850,O00781,P0255,1,2861.02,11.32
I01851,O00329,P0047,5,9436.39,55.48
I01852,O00897,P0162,3,7060.08,5.03
I01853,O00038,P0489,5,2287.0,48.19
I01854,O00605,P0001,5,2090.25,62.27
I01855,O00428,P0047,2,6641.59,87.46
I01856,O00058,P0180,5,655.9,33.78
I01857,O00810,P0303,1,1690.9,39.32
I01858,O00366,P0476,3,4822.86,55.69
I01859,O00328,P0177,4,3329.08,95.59
I01860,O00837,P0039,3,8492.69,33.36
I01861,O00434,P0486,2,8701.8,24.36
I01862,O00490,P0466,1,8722.45,54.57
I01863,O00149,P0105,3,1787.91,25.59
I01864,O00838,P0070,5,5832.97,73.77
I01865,O00577,P0079,5,6376.02,24.44
I01866,O00351,P0080,1,8892.53,90.87
I01867,O00876,P0132,4,330.23,13.14
I01868,O00473,P0144,3,6303.68,83.85
I01869,O00318,P0033,4,5979.68,46.89
I01870,O00093,P0180,3,9204.9,56.42
I01871,O00552,P0180,1,9824.49,65.02
I01872,O00721,P0368,1,2531.34,81.61
I01873,O00477,P0379,1,1756.47,80.45
I01874,O00723,P0133,2,921.57,77.48
I01875,O00064,P0191,5,9229.87,4.31
I01876,O00645,P0120,5,9963.89,7.67
I01877,O00913,P0022,5,9681.25,84.96
I01878,O00574,P0076,2,6560.08,91.79
I01879,O00544,P0140,3,8155.88,51.54
I01880,O00632,P0398,1,5401.92,58.51
I01881,O00246,P0107,-5,8841.72,51.56
I01882,O00295,P0362,3,5170.39,50.67
I01883,O00144,P0332,4,8994.7,73.34
I01884,O00180,P0279,4,1140.37,62.16
I01885,O00864,P0110,3,5959.19,42.82
I01886,O00437,P0449,5,9958.94,89.39
I01887,O00709,P0053,2,8887.3,83.04
I01888,O00450,P0139,3,7866.44,39.21
I01889,O00502,P0411,4,4692.55,66.51
I01890,O00579,P0105,1,6724.46,82.07
I01891,O00675,P0451,3,2376.24,64.71
I01892,O00433,P0392,2,3580.75,5.06
I01893,O00361,P0381,5,8188.15,47.99
I01894,O00103,P0370,5,6831.26,82.47
I01895,O00982,P0090,1,9995.85,1.47
I01896,O00405,P0113,1,1508.77,59.96
I01897,O00052,P0267,5,361.32,9.49
I01898,O00755,P0492,1,5442.23,72.3
I01899,O00466,P0121,5,8782.06,60.24
I01900,O00355,P0210,3,6229.04,52.78
I01901,O00640,P0157,2,9984.78,38.98
I01902,O00643,P0263,1,680.32,73.51
I01903,O00255,P0275,2,4584.71,15.05
I01904,O00218,P0496,4,6622.95,44.27
I01905,O00559,P0012,3,7754.76,93.53
I01906,O00779,P0165,4,684.48,65.77
I01907,O00911,P0295,2,4030.9,58.41
I01908,O00547,P0285,4,7559.4,30.16
I01909,O00331,P0381,3,7586.74,93.8
I01910,O00579,P0417,3,378.85,90.73
I01911,O00121,P0417,2,5809.9,65.03
I01912,O00598,P0400,1,4118.1,58.94
I01913,O00262,P0042,5,9056.45,90.2
I01914,O00859,P0238,-3,4033.92,71.95
I01915,O00940,P0491,1,885.44,36.02
I01916,O00923,P0376,5,7043.95,5.26
I01917,O00139,P0077,1,7887.85,95.29
I01918,O00169,P0446,4,8397.92,85.3
I01919,O00036,P0089,4,8138.4,35.12
I01920,O00321,P0058,5,8932.74,13.07
I01921,O00693,P0224,5,2290.05,77.93
I01922,O00119,P0103,2,9153.67,65.66
I01923,O00203,P0346,2,1343.09,93.56
I01924,O00190,P0157,1,7112.32,74.64
I01925,O00501,P0430,2,9246.73,92.65
I01926,O00909,P0006,5,3786.52,97.39
I01927,O00553,P0430,4,2260.81,16.2
I01928,O00410,P0030,1,1964.78,50.57
I01929,O00245,P0478,4,2516.07,65.51
I01930,O00746,P0177,5,6331.37,1.4
I01931,O00497,P0357,1,7904.91,88.69
I01932,O00296,P0395,1,4990.91,86.37
I01933,O00204,P0105,4,4731.96,98.29
I01934,O00346,P0264,5,558.97,82.22
I01935,O00029,P0056,5,1493.45,24.27
I01936,O00889,P0276,2,5646.57,40.26
I01937,O00861,P0439,4,3510.8,29.0
I01938,O00393,P0383,4,7327.93,7.66
I01939,O00856,P0178,1,7736.03,93.7
I01940,O00466,P0057,1,6648.29,30.83
I01941,O00522,P0225,4,9304.98,6.5
I01942,O00841,P0077,5,7055.3,5.53
I01943,O00602,P0450,3,5016.33,44.7
I01944,O00288,P0292,3,6437.01,25.46
I01945,O00674,P0229,5,331.27,89.09
I01946,O00749,P0373,5,5347.95,88.1
I01947,O00009,P0300,-5,7639.06,71.97
I01948,O00411,P0408,4,7483.71,50.08
I01949,O00020,P0223,2,4608.26,86.03
I01950,O00605,P0094,2,6590.59,15.18
I01951,O00607,P0145,4,3040.76,61.04
I01952,O00503,P0336,4,2053.72,76.17
I01953,O00822,P0406,4,5922.11,19.77
I01954,O00254,P0232,3,4399.72,33.01
I01955,O00756,P0032,1,7805.54,27.12
I01956,O00320,P0451,4,5002.38,2.13
I01957,O00135,P0372,3,1770.75,29.56
I01958,O00756,P0483,4,5999.74,35.41
I01959,O00478,P0404,5,2759.67,5.5
I01960,O00639,P0311,5,6692.31,0.41
I01961,O00764,P0459,3,5604.15,98.43
I01962,O00061,P0243,5,8701.87,9.81
I01963,O00220,P0106,5,9427.84,39.96
I01964,O00462,P0068,5,6483.57,61.49
I01965,O00938,P0093,2,7159.45,94.32
I01966,O00452,P0477,1,673.29,25.84
I01967,O00231,P0451,1,4819.5,46.49
I01968,O00938,P0107,1,314.04,41.54
I01969,O00221,P0350,4,7709.88,51.18
I01970,O00874,P0346,2,7115.22,80.58
I01971,O00955,P0362,1,5834.71,51.29
I01972,O00901,P0405,1,3288.08,98.38
I01973,O00265,P0346,2,6306.05,94.77
I01974,O00592,P0129,3,1702.53,92.53
I01975,O00869,P0033,1,4989.57,66.19
I01976,O00471,P0251,2,7339.56,84.72
I01977,O00509,P0397,3,808.81,19.67
I01978,O00932,P0214,5,3923.35,37.93
I01979,O00391,P0187,1,2526.34,48.52
I01980,O00749,P0243,-1,7515.25,93.28
I01981,O00286,P0052,1,9257.04,78.41
I01982,O00095,P0147,5,6460.59,86.69
I01983,O00555,P0326,1,8023.03,47.79
I01984,O00515,P0491,1,933.3,81.42
I01985,O00371,P0002,3,3875.87,4.98
I01986,O00625,P0337,2,7776.6,93.79
I01987,O00390,P0500,5,5098.8,15.3
I01988,O00821,P0368,3,1757.94,86.06
I01989,O00120,P0033,5,6218.81,16.92
I01990,O00170,P0260,5,1892.37,97.51
I01991,O00490,P0113,4,6257.46,2.92
I01992,O00524,P0425,3,1741.54,17.37
I01993,O00569,P0189,1,2305.68,96.11
I01994,O00055,P0278,5,8911.12,20.57
I01995,O00915,P0177,5,2657.6,20.94
I01996,O00801,P0327,5,3078.81,38.7
I01997,O00807,P0461,2,2114.27,60.15
I01998,O00189,P0335,1,937.69,2.49
I01999,O00123,P0421,1,9366.06,91.59
I02000,O00200,P0242,4,1370.63,62.29
